Dato,Retning,Hul,Liter,Maskine,Højde,Bemærkning,Person,Cleanup,Brush
16/04/2023,,1,4,,,,,No,
16/04/2023,,2,6,,,,,No,
16/04/2023,,3,5,,,,,No,
16/04/2023,,4,8,,,,,No,
16/04/2023,,5,4,,,,,No,
16/04/2023,,6,6,,,,,No,
16/04/2023,,7,"6,5",,,,,No,
16/04/2023,,8,4,,,,,No,
16/04/2023,,9,5,,,,,No,
16/04/2023,,10,6,,,,,No,
16/04/2023,,11,6,,,,,No,
16/04/2023,,12,7,,,,,No,
16/04/2023,,13,7,,,,,No,
16/04/2023,,14,5,,,,,No,
16/04/2023,,15,7,,,,,No,
16/04/2023,,16,6,,,,,No,
16/04/2023,,17,7,,,,,No,
16/04/2023,,18,4,,,,,No,
16/04/2023,,19,3,,,,,No,
16/04/2023,,20,1,,,,,No,
18/04/2023,,1,2,,,,,No,
18/04/2023,,2,"1,5",,,,,No,
18/04/2023,,3,3,,,,,No,
18/04/2023,,4,"1,5",,,,,No,
18/04/2023,,5,2,,,,,No,
18/04/2023,,6,3,,,,,No,
18/04/2023,,7,3,,,,,No,
18/04/2023,,8,2,,,,,No,
18/04/2023,,9,1,,,,,No,
18/04/2023,,10,2,,,,,No,
18/04/2023,,11,2,,,,,No,
18/04/2023,,12,3,,,,,No,
18/04/2023,,13,4,,,,,No,
18/04/2023,,14,4,,,,,No,
18/04/2023,,15,3,,,,,No,
18/04/2023,,16,4,,,,,No,
18/04/2023,,17,4,,,,,No,
18/04/2023,,18,1,,,,,No,
18/04/2023,,19,"0,5",,,,,No,
18/04/2023,,20,"0,5",,,,,Yes,
30/04/2023,,1,5,,,,,Yes,
30/04/2023,,2,7,,,,,Yes,
30/04/2023,,3,5,,,,,Yes,
30/04/2023,,4,7,,,,,Yes,
30/04/2023,,5,7,,,,,Yes,
30/04/2023,,6,8,,,,,Yes,
30/04/2023,,7,9,,,,,Yes,
30/04/2023,,8,5,,,,,Yes,
30/04/2023,,9,6,,,,,Yes,
30/04/2023,,10,7,,,,,Yes,
30/04/2023,,11,6,,,,,Yes,
30/04/2023,,12,9,,,,,Yes,
30/04/2023,,13,6,,,,,Yes,
30/04/2023,,14,8,,,,,Yes,
30/04/2023,,15,7,,,,,Yes,
30/04/2023,,16,7,,,,,Yes,
30/04/2023,,17,9,,,,,Yes,
30/04/2023,,18,5,,,,,Yes,
30/04/2023,,19,5,,,,,Yes,
30/04/2023,,20,2,,,,,Yes,
12/05/2023,,1,4,,,,,,
12/05/2023,,2,0,,,,,,
12/05/2023,,3,4,,,,,,
12/05/2023,,4,6,,,,,,
12/05/2023,,5,4,,,,,,
12/05/2023,,6,4,,,,,,
12/05/2023,,7,5,,,,,,
12/05/2023,,8,3,,,,,,
12/05/2023,,9,5,,,,,,
12/05/2023,,10,4,,,,,,
12/05/2023,,11,5,,,,,,
12/05/2023,,12,5,,,,,,
12/05/2023,,13,5,,,,,,
12/05/2023,,14,5,,,,,,
12/05/2023,,15,5,,,,,,
12/05/2023,,16,6,,,,,,
12/05/2023,,17,5,,,,,,
12/05/2023,,18,3,,,,,,
12/05/2023,,19,3,,,,,,
12/05/2023,,20,1,,,,,,
13/05/2023,,1,4,,,,,,
13/05/2023,,2,6,,,,,,
13/05/2023,,3,3,,,,,,
13/05/2023,,4,7,,,,,,
13/05/2023,,5,"3,5",,,,,,
13/05/2023,,6,6,,,,,,
13/05/2023,,7,6,,,,,,
13/05/2023,,8,"2,5",,,,,,
13/05/2023,,9,4,,,,,,
13/05/2023,,10,5,,,,,,
13/05/2023,,11,5,,,,,,
13/05/2023,,12,8,,,,,,
13/05/2023,,13,4,,,,,,
13/05/2023,,14,"6,5",,,,,,
13/05/2023,,15,5,,,,,,
13/05/2023,,16,"4,5",,,,,,
13/05/2023,,17,4,,,,,,
13/05/2023,,18,3,,,,,,
13/05/2023,,19,"2,5",,,,,,
13/05/2023,,20,"0,5",,,,,,
15/05/2023,,1,6,,,,,,
15/05/2023,,2,8,,,,,,
15/05/2023,,3,5,,,,,,
15/05/2023,,4,8,,,,,,
15/05/2023,,5,7,,,,,,
15/05/2023,,6,7,,,,,,
15/05/2023,,7,8,,,,,,
15/05/2023,,8,5,,,,,,
15/05/2023,,9,6,,,,,,
15/05/2023,,10,8,,,,,,
15/05/2023,,11,7,,,,,,
15/05/2023,,12,8,,,,,,
15/05/2023,,13,6,,,,,,
15/05/2023,,14,8,,,,,,
15/05/2023,,15,6,,,,,,
15/05/2023,,16,7,,,,,,
15/05/2023,,17,8,,,,,,
15/05/2023,,18,6,,,,,,
15/05/2023,,19,3,,,,,,
15/05/2023,,20,1,,,,,,
17/05/2023,,1,4,,,,,,
17/05/2023,,2,6,,,,,,
17/05/2023,,3,4,,,,,,
17/05/2023,,4,6,,,,,,
17/05/2023,,5,5,,,,,,
17/05/2023,,6,5,,,,,,
17/05/2023,,7,4,,,,,,
17/05/2023,,8,4,,,,,,
17/05/2023,,9,4,,,,,,
17/05/2023,,10,5,,,,,,
17/05/2023,,11,4,,,,,,
17/05/2023,,12,5,,,,,,
17/05/2023,,13,6,,,,,,
17/05/2023,,14,4,,,,,,
17/05/2023,,15,4,,,,,,
17/05/2023,,16,5,,,,,,
17/05/2023,,17,6,,,,,,
17/05/2023,,18,3,,,,,,
17/05/2023,,19,3,,,,,,
17/05/2023,,20,2,,,,,,
19/05/2023,,1,3,,,,,,
19/05/2023,,2,4,,,,,,
19/05/2023,,3,2,,,,,,
19/05/2023,,4,3,,,,,,
19/05/2023,,5,4,,,,,,
19/05/2023,,6,4,,,,,,
19/05/2023,,7,5,,,,,,
19/05/2023,,8,3,,,,,,
19/05/2023,,9,3,,,,,,
19/05/2023,,10,4,,,,,,
19/05/2023,,11,4,,,,,,
19/05/2023,,12,6,,,,,,
19/05/2023,,13,3,,,,,,
19/05/2023,,14,5,,,,,,
19/05/2023,,15,4,,,,,,
19/05/2023,,16,6,,,,,,
19/05/2023,,17,5,,,,,,
19/05/2023,,18,4,,,,,,
19/05/2023,,19,2,,,,,,
19/05/2023,,20,"0,5",,,,,,
20/05/2023,,1,2,,,,,,
20/05/2023,,2,4,,,,,,
20/05/2023,,3,2,,,,,,
20/05/2023,,4,4,,,,,,
20/05/2023,,5,3,,,,,,
20/05/2023,,6,2,,,,,,
20/05/2023,,7,3,,,,,,
20/05/2023,,8,2,,,,,,
20/05/2023,,9,2,,,,,,
20/05/2023,,10,3,,,,,,
20/05/2023,,11,2,,,,,,
20/05/2023,,12,4,,,,,,
20/05/2023,,13,2,,,,,,
20/05/2023,,14,4,,,,,,
20/05/2023,,15,2,,,,,,
20/05/2023,,16,3,,,,,,
20/05/2023,,17,3,,,,,,
20/05/2023,,18,2,,,,,,
20/05/2023,,19,1,,,,,,
20/05/2023,,20,"0,25",,,,,,
21/05/2023,,1,4,,,,,,
21/05/2023,,2,5,,,,,,
21/05/2023,,3,3,,,,,,
21/05/2023,,4,5,,,,,,
21/05/2023,,5,5,,,,,,
21/05/2023,,6,5,,,,,,
21/05/2023,,7,6,,,,,,
21/05/2023,,8,4,,,,,,
21/05/2023,,9,4,,,,,,
21/05/2023,,10,5,,,,,,
21/05/2023,,11,5,,,,,,
21/05/2023,,12,6,,,,,,
21/05/2023,,13,4,,,,,,
21/05/2023,,14,6,,,,,,
21/05/2023,,15,4,,,,,,
21/05/2023,,16,5,,,,,,
21/05/2023,,17,5,,,,,,
21/05/2023,,18,3,,,,,,
21/05/2023,,19,3,,,,,,
21/05/2023,,20,1,,,,,,
24/05/2023,,1,3,,,,,,
24/05/2023,,2,4,,,,,,
24/05/2023,,3,2,,,,,,
24/05/2023,,4,4,,,,,,
24/05/2023,,5,3,,,,,,
24/05/2023,,6,4,,,,,,
24/05/2023,,7,5,,,,,,
24/05/2023,,8,3,,,,,,
24/05/2023,,9,3,,,,,,
24/05/2023,,10,5,,,,,,
24/05/2023,,11,4,,,,,,
24/05/2023,,12,6,,,,,,
24/05/2023,,13,4,,,,,,
24/05/2023,,14,5,,,,,,
24/05/2023,,15,4,,,,,,
24/05/2023,,16,5,,,,,,
24/05/2023,,17,5,,,,,,
24/05/2023,,18,2,,,,,,
24/05/2023,,19,1,,,,,,
24/05/2023,,20,"0,25",,,,,,
25/05/2023,,1,4,,,,,,
25/05/2023,,2,5,,,,,,
25/05/2023,,3,4,,,,,,
25/05/2023,,4,6,,,,,,
25/05/2023,,5,6,,,,,,
25/05/2023,,6,5,,,,,,
25/05/2023,,7,6,,,,,,
25/05/2023,,8,5,,,,,,
25/05/2023,,9,5,,,,,,
25/05/2023,,10,6,,,,,,
25/05/2023,,11,5,,,,,,
25/05/2023,,12,6,,,,,,
25/05/2023,,13,5,,,,,,
25/05/2023,,14,6,,,,,,
25/05/2023,,15,7,,,,,,
25/05/2023,,16,7,,,,,,
25/05/2023,,17,6,,,,,,
25/05/2023,,18,4,,,,,,
25/05/2023,,19,3,,,,,,
25/05/2023,,20,1,,,,,,
26/05/2023,,1,6,,,,,,
26/05/2023,,2,6,,,,,,
26/05/2023,,3,4,,,,,,
26/05/2023,,4,6,,,,,,
26/05/2023,,5,7,,,,,,
26/05/2023,,6,7,,,,,,
26/05/2023,,7,7,,,,,,
26/05/2023,,8,5,,,,,,
26/05/2023,,9,5,,,,,,
26/05/2023,,10,6,,,,,,
26/05/2023,,11,5,,,,,,
26/05/2023,,12,8,,,,,,
26/05/2023,,13,5,,,,,,
26/05/2023,,14,7,,,,,,
26/05/2023,,15,5,,,,,,
26/05/2023,,16,7,,,,,,
26/05/2023,,17,7,,,,,,
26/05/2023,,18,4,,,,,,
26/05/2023,,19,3,,,,,,
26/05/2023,,20,1,,,,,,
27/05/2023,Højre-Venstre:Med uret,1,3,,,,Jonas,,
27/05/2023,Højre-Venstre:Med uret,2,4,,,,Jonas,,
27/05/2023,Højre-Venstre:Med uret,3,"4,5",,,,Jonas,,
27/05/2023,Højre-Venstre:Med uret,4,5,,,,Jonas,,
27/05/2023,Højre-Venstre:Med uret,5,5,,,,Jonas,,
27/05/2023,Højre-Venstre:Med uret,6,"4,5",,,,Jonas,,
27/05/2023,Højre-Venstre:Med uret,7,7,,,,Jonas,,
27/05/2023,Højre-Venstre:Med uret,8,4,,,,Jonas,,
27/05/2023,Højre-Venstre:Med uret,9,4,,,,Jonas,,
27/05/2023,Højre-Venstre:Med uret,10,4,,,,Jonas,,
27/05/2023,Højre-Venstre:Med uret,11,5,,,,Jonas,,
27/05/2023,Højre-Venstre:Med uret,12,6,,,,Jonas,,
27/05/2023,Højre-Venstre:Med uret,13,"4,5",,,,Jonas,,
27/05/2023,Højre-Venstre:Med uret,14,4,,,,Jonas,,
27/05/2023,Højre-Venstre:Med uret,15,"5,5",,,,Jonas,,
27/05/2023,Højre-Venstre:Med uret,16,6,,,,Jonas,,
27/05/2023,Højre-Venstre:Med uret,17,"4,5",,,,Jonas,,
27/05/2023,Højre-Venstre:Med uret,18,4,,,,Jonas,,
27/05/2023,Højre-Venstre:Med uret,19,3,,,,Jonas,,
27/05/2023,Højre-Venstre:Med uret,20,"1,5",,,,Jonas,,
29/05/2023,,1,4,,,,,,
29/05/2023,,2,5,,,,,,
29/05/2023,,3,4,,,,,,
29/05/2023,,4,6,,,,,,
29/05/2023,,5,4,,,,,,
29/05/2023,,6,4,,,,,,
29/05/2023,,7,4,,,,,,
29/05/2023,,8,4,,,,,,
29/05/2023,,9,4,,,,,,
29/05/2023,,10,4,,,,,,
29/05/2023,,11,4,,,,,,
29/05/2023,,12,5,,,,,,
29/05/2023,,13,3,,,,,,
29/05/2023,,14,4,,,,,,
29/05/2023,,15,5,,,,,,
29/05/2023,,16,4,,,,,,
29/05/2023,,17,5,,,,,,
29/05/2023,,18,3,,,,,,
29/05/2023,,19,2,,,,,,
29/05/2023,,20,1,,,,,,
30/05/2023,,1,8,,,,,Yes,
30/05/2023,,2,8,,,,,Yes,
30/05/2023,,3,7,,,,,Yes,
30/05/2023,,4,9,,,,,Yes,
30/05/2023,,5,8,,,,,Yes,
30/05/2023,,6,9,,,,,Yes,
30/05/2023,,7,10,,,,,Yes,
30/05/2023,,8,8,,,,,Yes,
30/05/2023,,9,9,,,,,Yes,
30/05/2023,,10,10,,,,,Yes,
30/05/2023,,11,8,,,,,Yes,
30/05/2023,,12,10,,,,,Yes,
30/05/2023,,13,7,,,,,Yes,
30/05/2023,,14,7,,,,,Yes,
30/05/2023,,15,7,,,,,Yes,
30/05/2023,,16,9,,,,,Yes,
30/05/2023,,17,10,,,,,Yes,
30/05/2023,,18,8,,,,,Yes,
30/05/2023,,19,,,,,,Yes,
30/05/2023,,20,,,,,,Yes,
01/06/2023,,1,6,,,,,Yes,
01/06/2023,,2,7,,,,,Yes,
01/06/2023,,3,4,,,,,Yes,
01/06/2023,,4,6,,,,,Yes,
01/06/2023,,5,8,,,,,Yes,
01/06/2023,,6,8,,,,,Yes,
01/06/2023,,7,8,,,,,Yes,
01/06/2023,,8,6,,,,,Yes,
01/06/2023,,9,6,,,,,Yes,
01/06/2023,,10,8,,,,,Yes,
01/06/2023,,11,5,,,,,Yes,
01/06/2023,,12,10,,,,,Yes,
01/06/2023,,13,5,,,,,Yes,
01/06/2023,,14,8,,,,,Yes,
01/06/2023,,15,6,,,,,Yes,
01/06/2023,,16,8,,,,,Yes,
01/06/2023,,17,8,,,,,Yes,
01/06/2023,,18,6,,,,,Yes,
01/06/2023,,19,3,,,,,Yes,
01/06/2023,,20,2,,,,,Yes,
03/06/2023,,1,"5,5",,,,,,
03/06/2023,,2,7,,,,,,
03/06/2023,,3,"4,5",,,,,,
03/06/2023,,4,7,,,,,,
03/06/2023,,5,10,,,,,,
03/06/2023,,6,"8,5",,,,,,
03/06/2023,,7,10,,,,,,
03/06/2023,,8,"6,5",,,,,,
03/06/2023,,9,6,,,,,,
03/06/2023,,10,8,,,,,,
03/06/2023,,11,"6,5",,,,,,
03/06/2023,,12,9,,,,,,
03/06/2023,,13,5,,,,,,
03/06/2023,,14,6,,,,,,
03/06/2023,,15,7,,,,,,
03/06/2023,,16,7,,,,,,
03/06/2023,,17,7,,,,,,
03/06/2023,,18,4,,,,,,
03/06/2023,,19,"3,5",,,,,,
03/06/2023,,20,"1,5",,,,,,
04/06/2023,,1,5,,,,,,
04/06/2023,,2,7,,,,,,
04/06/2023,,3,4,,,,,,
04/06/2023,,4,7,,,,,,
04/06/2023,,5,6,,,,,,
04/06/2023,,6,6,,,,,,
04/06/2023,,7,6,,,,,,
04/06/2023,,8,5,,,,,,
04/06/2023,,9,5,,,,,,
04/06/2023,,10,7,,,,,,
04/06/2023,,11,5,,,,,,
04/06/2023,,12,8,,,,,,
04/06/2023,,13,5,,,,,,
04/06/2023,,14,5,,,,,,
04/06/2023,,15,6,,,,,,
04/06/2023,,16,5,,,,,,
04/06/2023,,17,5,,,,,,
04/06/2023,,18,4,,,,,,
04/06/2023,,19,4,,,,,,
04/06/2023,,20,1,,,,,,
05/06/2023,,1,6,,,,Micke,Yes,
05/06/2023,,2,8,,,,Micke,Yes,
05/06/2023,,3,5,,,,Micke,Yes,
05/06/2023,,4,8,,,,Micke,Yes,
05/06/2023,,5,8,,,,Micke,Yes,
05/06/2023,,6,10,,,,Micke,Yes,
05/06/2023,,7,8,,,,Micke,Yes,
05/06/2023,,8,7,,,,Micke,Yes,
05/06/2023,,9,7,,,,Micke,Yes,
05/06/2023,,10,9,,,,Micke,Yes,
05/06/2023,,11,6,,,,Micke,Yes,
05/06/2023,,12,10,,,,Micke,Yes,
05/06/2023,,13,6,,,,Micke,Yes,
05/06/2023,,14,7,,,,Micke,Yes,
05/06/2023,,15,7,,,,Micke,Yes,
05/06/2023,,16,8,,,,Micke,Yes,
05/06/2023,,17,8,,,,Micke,Yes,
05/06/2023,,18,5,,,,Micke,Yes,
05/06/2023,,19,,,,,Micke,Yes,
05/06/2023,,20,,,,,Micke,Yes,
06/06/2023,,1,4,,,,,No,
06/06/2023,,2,5,,,,,No,
06/06/2023,,3,4,,,,,No,
06/06/2023,,4,5,,,,,No,
06/06/2023,,5,6,,,,,No,
06/06/2023,,6,6,,,,,No,
06/06/2023,,7,7,,,,,No,
06/06/2023,,8,4,,,,,No,
06/06/2023,,9,4,,,,,No,
06/06/2023,,10,6,,,,,No,
06/06/2023,,11,5,,,,,No,
06/06/2023,,12,9,,,,,No,
06/06/2023,,13,6,,,,,No,
06/06/2023,,14,5,,,,,No,
06/06/2023,,15,7,,,,,No,
06/06/2023,,16,5,,,,,No,
06/06/2023,,17,3,,,,,No,
06/06/2023,,18,5,,,,,No,
06/06/2023,,19,5,,,,,No,
06/06/2023,,20,1,,,,,No,
07/06/2023,,1,7,,,,,Yes,
07/06/2023,,2,8,,,,,Yes,
07/06/2023,,3,4,,,,,Yes,
07/06/2023,,4,6,,,,,Yes,
07/06/2023,,5,8,,,,,Yes,
07/06/2023,,6,6,,,,,Yes,
07/06/2023,,7,9,,,,,Yes,
07/06/2023,,8,7,,,,,Yes,
07/06/2023,,9,7,,,,,Yes,
07/06/2023,,10,9,,,,,Yes,
07/06/2023,,11,6,,,,,Yes,
07/06/2023,,12,9,,,,,Yes,
07/06/2023,,13,5,,,,,Yes,
07/06/2023,,14,9,,,,,Yes,
07/06/2023,,15,6,,,,,Yes,
07/06/2023,,16,8,,,,,Yes,
07/06/2023,,17,9,,,,,Yes,
07/06/2023,,18,6,,,,,Yes,
07/06/2023,,19,5,,,,,Yes,
07/06/2023,,20,2,,,,,Yes,
08/06/2023,,1,4,,,,,No,
08/06/2023,,2,5,,,,,No,
08/06/2023,,3,4,,,,,No,
08/06/2023,,4,6,,,,,No,
08/06/2023,,5,7,,,,,No,
08/06/2023,,6,6,,,,,No,
08/06/2023,,7,7,,,,,No,
08/06/2023,,8,5,,,,,No,
08/06/2023,,9,5,,,,,No,
08/06/2023,,10,6,,,,,No,
08/06/2023,,11,5,,,,,No,
08/06/2023,,12,7,,,,,No,
08/06/2023,,13,5,,,,,No,
08/06/2023,,14,5,,,,,No,
08/06/2023,,15,5,,,,,No,
08/06/2023,,16,4,,,,,No,
08/06/2023,,17,5,,,,,No,
08/06/2023,,18,5,,,,,No,
08/06/2023,,19,2,,,,,No,
08/06/2023,,20,1,,,,,No,
09/06/2023,,1,9,,,,,,
09/06/2023,,2,"9,5",,,,,,
09/06/2023,,3,"7,5",,,,,,
09/06/2023,,4,10,,,,,,
09/06/2023,,5,"10,5",,,,,,
09/06/2023,,6,"10,5",,,,,,
09/06/2023,,7,"10,5",,,,,,
09/06/2023,,8,"8,5",,,,,,
09/06/2023,,9,10,,,,,,
09/06/2023,,10,"13,5",,,,,,
09/06/2023,,11,"9,5",,,,,,
09/06/2023,,12,11,,,,,,
09/06/2023,,13,10,,,,,,
09/06/2023,,14,11,,,,,,
09/06/2023,,15,10,,,,,,
09/06/2023,,16,8,,,,,,
09/06/2023,,17,"9,5",,,,,,
09/06/2023,,18,"10,5",,,,,,
09/06/2023,,19,10,,,,,,
09/06/2023,,20,3,,,,,,
10/06/2023,,1,3,,,,,,
10/06/2023,,2,4,,,,,,
10/06/2023,,3,4,,,,,,
10/06/2023,,4,6,,,,,,
10/06/2023,,5,5,,,,,,
10/06/2023,,6,5,,,,,,
10/06/2023,,7,5,,,,,,
10/06/2023,,8,4,,,,,,
10/06/2023,,9,3,,,,,,
10/06/2023,,10,6,,,,,,
10/06/2023,,11,4,,,,,,
10/06/2023,,12,"0,5",,,,,,
10/06/2023,,13,4,,,,,,
10/06/2023,,14,5,,,,,,
10/06/2023,,15,5,,,,,,
10/06/2023,,16,3,,,,,,
10/06/2023,,17,4,,,,,,
10/06/2023,,18,5,,,,,,
10/06/2023,,19,6,,,,,,
10/06/2023,,20,,,,,,,
11/06/2023,,1,5,,,,,Yes,
11/06/2023,,2,5,,,,,Yes,
11/06/2023,,3,5,,,,,Yes,
11/06/2023,,4,6,,,,,Yes,
11/06/2023,,5,6,,,,,Yes,
11/06/2023,,6,7,,,,,Yes,
11/06/2023,,7,7,,,,,Yes,
11/06/2023,,8,5,,,,,Yes,
11/06/2023,,9,4,,,,,Yes,
11/06/2023,,10,7,,,,,Yes,
11/06/2023,,11,7,,,,,Yes,
11/06/2023,,12,6,,,,,Yes,
11/06/2023,,13,6,,,,,Yes,
11/06/2023,,14,7,,,,,Yes,
11/06/2023,,15,6,,,,,Yes,
11/06/2023,,16,5,,,,,Yes,
11/06/2023,,17,5,,,,,Yes,
11/06/2023,,18,5,,,,,Yes,
11/06/2023,,19,3,,,,,Yes,
11/06/2023,,20,2,,,,,Yes,
13/06/2023,,1,"4,5",,,,,Yes,
13/06/2023,,2,4,,,,,Yes,
13/06/2023,,3,6,,,,,Yes,
13/06/2023,,4,8,,,,,Yes,
13/06/2023,,5,5,,,,,Yes,
13/06/2023,,6,6,,,,,Yes,
13/06/2023,,7,"7,5",,,,,Yes,
13/06/2023,,8,5,,,,,Yes,
13/06/2023,,9,4,,,,,Yes,
13/06/2023,,10,"5,5",,,,,Yes,
13/06/2023,,11,4,,,,,Yes,
13/06/2023,,12,"9,5",,,,,Yes,
13/06/2023,,13,"8,5",,,,,Yes,
13/06/2023,,14,"6,5",,,,,Yes,
13/06/2023,,15,11,,,,,Yes,
13/06/2023,,16,"6,5",,,,,Yes,
13/06/2023,,17,7,,,,,Yes,
13/06/2023,,18,4,,,,,Yes,
13/06/2023,,19,5,,,,,Yes,
13/06/2023,,20,"2,5",,,,,Yes,
14/06/2023,,1,8,,,,,,
14/06/2023,,2,8,,,,,,
14/06/2023,,3,9,,,,,,
14/06/2023,,4,11,,,,,,
14/06/2023,,5,8,,,,,,
14/06/2023,,6,10,,,,,,
14/06/2023,,7,10,,,,,,
14/06/2023,,8,6,,,,,,
14/06/2023,,9,8,,,,,,
14/06/2023,,10,7,,,,,,
14/06/2023,,11,7,,,,,,
14/06/2023,,12,10,,,,,,
14/06/2023,,13,7,,,,,,
14/06/2023,,14,8,,,,,,
14/06/2023,,15,10,,,,,,
14/06/2023,,16,7,,,,,,
14/06/2023,,17,7,,,,,,
14/06/2023,,18,7,,,,,,
14/06/2023,,19,7,,,,,,
14/06/2023,,20,3,,,,,,
16/06/2023,,1,8,,,,,No,
16/06/2023,,2,7,,,,,No,
16/06/2023,,3,9,,,,,No,
16/06/2023,,4,12,,,,,No,
16/06/2023,,5,10,,,,,No,
16/06/2023,,6,11,,,,,No,
16/06/2023,,7,12,,,,,No,
16/06/2023,,8,7,,,,,No,
16/06/2023,,9,8,,,,,No,
16/06/2023,,10,8,,,,,No,
16/06/2023,,11,8,,,,,No,
16/06/2023,,12,10,,,,,No,
16/06/2023,,13,9,,,,,No,
16/06/2023,,14,10,,,,,No,
16/06/2023,,15,12,,,,,No,
16/06/2023,,16,7,,,,,No,
16/06/2023,,17,8,,,,,No,
16/06/2023,,18,8,,,,,No,
16/06/2023,,19,10,,,,,No,
16/06/2023,,20,3,,,,,No,
19/06/2023,Venstre-Højre:Med uret,1,"4,5",,,,,,
19/06/2023,Venstre-Højre:Med uret,2,5,,,,,,
19/06/2023,Venstre-Højre:Med uret,3,7,,,,,,
19/06/2023,Venstre-Højre:Med uret,4,10,,,,,,
19/06/2023,Venstre-Højre:Med uret,5,"8,5",,,,,,
19/06/2023,Venstre-Højre:Med uret,6,8,,,,,,
19/06/2023,Venstre-Højre:Med uret,7,7,,,,,,
19/06/2023,Venstre-Højre:Med uret,8,"5,5",,,,,,
19/06/2023,Venstre-Højre:Med uret,9,5,,,,,,
19/06/2023,Venstre-Højre:Med uret,10,"6,5",,,,,,
19/06/2023,Venstre-Højre:Med uret,11,6,,,,,,
19/06/2023,Venstre-Højre:Med uret,12,8,,,,,,
19/06/2023,Venstre-Højre:Med uret,13,5,,,,,,
19/06/2023,Venstre-Højre:Med uret,14,"6,5",,,,,,
19/06/2023,Venstre-Højre:Med uret,15,8,,,,,,
19/06/2023,Venstre-Højre:Med uret,16,6,,,,,,
19/06/2023,Venstre-Højre:Med uret,17,7,,,,,,
19/06/2023,Venstre-Højre:Med uret,18,"5,5",,,,,,
19/06/2023,Venstre-Højre:Med uret,19,6,,,,,,
19/06/2023,Venstre-Højre:Med uret,20,"0,5",,,,,,
20/06/2023,,1,12,,,,,Yes,
20/06/2023,,2,11,,,,,Yes,
20/06/2023,,3,13,,,,,Yes,
20/06/2023,,4,17,,,,,Yes,
20/06/2023,,5,14,,,,,Yes,
20/06/2023,,6,17,,,,,Yes,
20/06/2023,,7,15,,,,,Yes,
20/06/2023,,8,12,,,,,Yes,
20/06/2023,,9,11,,,,,Yes,
20/06/2023,,10,14,,,,,Yes,
20/06/2023,,11,12,,,,,Yes,
20/06/2023,,12,15,,,,,Yes,
20/06/2023,,13,15,,,,,Yes,
20/06/2023,,14,12,,,,,Yes,
20/06/2023,,15,17,,,,,Yes,
20/06/2023,,16,12,,,,,Yes,
20/06/2023,,17,13,,,,,Yes,
20/06/2023,,18,12,,,,,Yes,
20/06/2023,,19,11,,,,,Yes,
20/06/2023,,20,1,,,,,Yes,
21/06/2023,,1,15,,,,,,
21/06/2023,,2,12,,,,,,
21/06/2023,,3,12,,,,,,
21/06/2023,,4,21,,,,,,
21/06/2023,,5,18,,,,,,
21/06/2023,,6,12,,,,,,
21/06/2023,,7,21,,,,,,
21/06/2023,,8,17,,,,,,
21/06/2023,,9,15,,,,,,
21/06/2023,,10,18,,,,,,
21/06/2023,,11,12,,,,,,
21/06/2023,,12,17,,,,,,
21/06/2023,,13,14,,,,,,
21/06/2023,,14,16,,,,,,
21/06/2023,,15,16,,,,,,
21/06/2023,,16,11,,,,,,
21/06/2023,,17,11,,,,,,
21/06/2023,,18,15,,,,,,
21/06/2023,,19,18,,,,,,
21/06/2023,,20,4,,,,,,
22/06/2023,,1,6,,,,Jonas,,
22/06/2023,,2,"5,5",,,,Jonas,,
22/06/2023,,3,6,,,,Jonas,,
22/06/2023,,4,8,,,,Jonas,,
22/06/2023,,5,"7,5",,,,Jonas,,
22/06/2023,,6,9,,,,Jonas,,
22/06/2023,,7,7,,,,Jonas,,
22/06/2023,,8,5,,,,Jonas,,
22/06/2023,,9,"4,5",,,,Jonas,,
22/06/2023,,10,"7,5",,,,Jonas,,
22/06/2023,,11,7,,,,Jonas,,
22/06/2023,,12,9,,,,Jonas,,
22/06/2023,,13,6,,,,Jonas,,
22/06/2023,,14,"6,5",,,,Jonas,,
22/06/2023,,15,10,,,,Jonas,,
22/06/2023,,16,8,,,,Jonas,,
22/06/2023,,17,"7,5",,,,Jonas,,
22/06/2023,,18,4,,,,Jonas,,
22/06/2023,,19,5,,,,Jonas,,
22/06/2023,,20,1,,,,Jonas,,
23/06/2023,,1,8,,,,,Yes,
23/06/2023,,2,8,,,,,Yes,
23/06/2023,,3,9,,,,,Yes,
23/06/2023,,4,11,,,,,Yes,
23/06/2023,,5,11,,,,,Yes,
23/06/2023,,6,10,,,,,Yes,
23/06/2023,,7,10,,,,,Yes,
23/06/2023,,8,9,,,,,Yes,
23/06/2023,,9,10,,,,,Yes,
23/06/2023,,10,10,,,,,Yes,
23/06/2023,,11,7,,,,,Yes,
23/06/2023,,12,11,,,,,Yes,
23/06/2023,,13,9,,,,,Yes,
23/06/2023,,14,8,,,,,Yes,
23/06/2023,,15,10,,,,,Yes,
23/06/2023,,16,8,,,,,Yes,
23/06/2023,,17,9,,,,,Yes,
23/06/2023,,18,10,,,,,Yes,
23/06/2023,,19,10,,,,,Yes,
23/06/2023,,20,4,,,,,Yes,
24/06/2023,,1,4,,,,,,
24/06/2023,,2,3,,,,,,
24/06/2023,,3,5,,,,,,
24/06/2023,,4,6,,,,,,
24/06/2023,,5,5,,,,,,
24/06/2023,,6,7,,,,,,
24/06/2023,,7,3,,,,,,
24/06/2023,,8,4,,,,,,
24/06/2023,,9,4,,,,,,
24/06/2023,,10,4,,,,,,
24/06/2023,,11,3,,,,,,
24/06/2023,,12,6,,,,,,
24/06/2023,,13,4,,,,,,
24/06/2023,,14,3,,,,,,
24/06/2023,,15,6,,,,,,
24/06/2023,,16,3,,,,,,
24/06/2023,,17,3,,,,,,
24/06/2023,,18,4,,,,,,
24/06/2023,,19,4,,,,,,
24/06/2023,,20,1,,,,,,
25/06/2023,,1,8,,,,,,
25/06/2023,,2,9,,,,,,
25/06/2023,,3,7,,,,,,
25/06/2023,,4,11,,,,,,
25/06/2023,,5,"9,5",,,,,,
25/06/2023,,6,"10,5",,,,,,
25/06/2023,,7,10,,,,,,
25/06/2023,,8,7,,,,,,
25/06/2023,,9,8,,,,,,
25/06/2023,,10,"8,5",,,,,,
25/06/2023,,11,"7,5",,,,,,
25/06/2023,,12,12,,,,,,
25/06/2023,,13,8,,,,,,
25/06/2023,,14,"8,5",,,,,,
25/06/2023,,15,10,,,,,,
25/06/2023,,16,8,,,,,,
25/06/2023,,17,8,,,,,,
25/06/2023,,18,"7,5",,,,,,
25/06/2023,,19,9,,,,,,
25/06/2023,,20,3,,,,,,
27/06/2023,,1,8,,,,,Yes,
27/06/2023,,2,7,,,,,Yes,
27/06/2023,,3,9,,,,,Yes,
27/06/2023,,4,11,,,,,Yes,
27/06/2023,,5,9,,,,,Yes,
27/06/2023,,6,10,,,,,Yes,
27/06/2023,,7,9,,,,,Yes,
27/06/2023,,8,6,,,,,Yes,
27/06/2023,,9,8,,,,,Yes,
27/06/2023,,10,10,,,,,Yes,
27/06/2023,,11,8,,,,,Yes,
27/06/2023,,12,12,,,,,Yes,
27/06/2023,,13,8,,,,,Yes,
27/06/2023,,14,8,,,,,Yes,
27/06/2023,,15,8,,,,,Yes,
27/06/2023,,16,7,,,,,Yes,
27/06/2023,,17,8,,,,,Yes,
27/06/2023,,18,6,,,,,Yes,
27/06/2023,,19,8,,,,,Yes,
27/06/2023,,20,5,,,,,,
28/06/2023,,1,4,,,,,,
28/06/2023,,2,4,,,,,,
28/06/2023,,3,7,,,,,,
28/06/2023,,4,5,,,,,,
28/06/2023,,5,6,,,,,,
28/06/2023,,6,5,,,,,,
28/06/2023,,7,5,,,,,,
28/06/2023,,8,4,,,,,,
28/06/2023,,9,"4,5",,,,,,
28/06/2023,,10,4,,,,,,
28/06/2023,,11,4,,,,,,
28/06/2023,,12,"6,5",,,,,,
28/06/2023,,13,5,,,,,,
28/06/2023,,14,4,,,,,,
28/06/2023,,15,"6,5",,,,,,
28/06/2023,,16,4,,,,,,
28/06/2023,,17,"6,5",,,,,,
28/06/2023,,18,4,,,,,,
28/06/2023,,19,4,,,,,,
28/06/2023,,20,"1,5",,,,,,
29/06/2023,Spilretnig: Med uret,1,6,,,,Jonas,,
29/06/2023,Spilretnig: Med uret,2,8,,,,Jonas,,
29/06/2023,Spilretnig: Med uret,3,9,,,,Jonas,,
29/06/2023,Spilretnig: Med uret,4,10,,,,Jonas,,
29/06/2023,Spilretnig: Med uret,5,9,,,,Jonas,,
29/06/2023,Spilretnig: Med uret,6,10,,,,Jonas,,
29/06/2023,Spilretnig: Med uret,7,10,,,,Jonas,,
29/06/2023,Spilretnig: Med uret,8,6,,,,Jonas,,
29/06/2023,Spilretnig: Med uret,9,7,,,,Jonas,,
29/06/2023,Spilretnig: Med uret,10,8,,,,Jonas,,
29/06/2023,Spilretnig: Med uret,11,7,,,,Jonas,,
29/06/2023,Spilretnig: Med uret,12,11,,,,Jonas,,
29/06/2023,Spilretnig: Med uret,13,"8,5",,,,Jonas,,
29/06/2023,Spilretnig: Med uret,14,9,,,,Jonas,,
29/06/2023,Spilretnig: Med uret,15,9,,,,Jonas,,
29/06/2023,Spilretnig: Med uret,16,7,,,,Jonas,,
29/06/2023,Spilretnig: Med uret,17,9,,,,Jonas,,
29/06/2023,Spilretnig: Med uret,18,6,,,,Jonas,,
29/06/2023,Spilretnig: Med uret,19,6,,,,Jonas,,
29/06/2023,Spilretnig: Med uret,20,3,,,,Jonas,,
30/06/2023,,1,5,,,,,,
30/06/2023,,2,6,,,,,,
30/06/2023,,3,5,,,,,,
30/06/2023,,4,6,,,,,,
30/06/2023,,5,5,,,,,,
30/06/2023,,6,6,,,,,,
30/06/2023,,7,5,,,,,,
30/06/2023,,8,4,,,,,,
30/06/2023,,9,5,,,,,,
30/06/2023,,10,5,,,,,,
30/06/2023,,11,4,,,,,,
30/06/2023,,12,5,,,,,,
30/06/2023,,13,5,,,,,,
30/06/2023,,14,5,,,,,,
30/06/2023,,15,6,,,,,,
30/06/2023,,16,5,,,,,,
30/06/2023,,17,5,,,,,,
30/06/2023,,18,4,,,,,,
30/06/2023,,19,4,,,,,,
30/06/2023,,20,2,,,,,,
01/07/2023,,1,4,,,,,Yes,
01/07/2023,,2,6,,,,,Yes,
01/07/2023,,3,7,,,,,Yes,
01/07/2023,,4,6,,,,,Yes,
01/07/2023,,5,6,,,,,Yes,
01/07/2023,,6,8,,,,,Yes,
01/07/2023,,7,7,,,,,Yes,
01/07/2023,,8,5,,,,,Yes,
01/07/2023,,9,6,,,,,Yes,
01/07/2023,,10,7,,,,,Yes,
01/07/2023,,11,5,,,,,Yes,
01/07/2023,,12,8,,,,,Yes,
01/07/2023,,13,7,,,,,Yes,
01/07/2023,,14,5,,,,,Yes,
01/07/2023,,15,8,,,,,Yes,
01/07/2023,,16,5,,,,,Yes,
01/07/2023,,17,6,,,,,Yes,
01/07/2023,,18,5,,,,,Yes,
01/07/2023,,19,5,,,,,Yes,
01/07/2023,,20,2,,,,,Yes,
02/07/2023,,1,3,,,,,No,
02/07/2023,,2,3,,,,,No,
02/07/2023,,3,5,,,,,No,
02/07/2023,,4,5,,,,,No,
02/07/2023,,5,5,,,,,No,
02/07/2023,,6,5,,,,,No,
02/07/2023,,7,4,,,,,No,
02/07/2023,,8,3,,,,,No,
02/07/2023,,9,3,,,,,No,
02/07/2023,,10,4,,,,,No,
02/07/2023,,11,3,,,,,No,
02/07/2023,,12,5,,,,,No,
02/07/2023,,13,5,,,,,No,
02/07/2023,,14,3,,,,,No,
02/07/2023,,15,5,,,,,No,
02/07/2023,,16,3,,,,,No,
02/07/2023,,17,3,,,,,No,
02/07/2023,,18,3,,,,,No,
02/07/2023,,19,"3,5",,,,,No,
02/07/2023,,20,"0,5",,,,,No,
03/07/2023,,1,7,,,,Rene,,
03/07/2023,,2,7,,,,Rene,,
03/07/2023,,3,10,,,,Rene,,
03/07/2023,,4,8,,,,Rene,,
03/07/2023,,5,9,,,,Rene,,
03/07/2023,,6,8,,,,Rene,,
03/07/2023,,7,5,,,,Rene,,
03/07/2023,,8,6,,,,Rene,,
03/07/2023,,9,7,,,,Rene,,
03/07/2023,,10,7,,,,Rene,,
03/07/2023,,11,6,,,,Rene,,
03/07/2023,,12,8,,,,Rene,,
03/07/2023,,13,6,,,,Rene,,
03/07/2023,,14,6,,,,Rene,,
03/07/2023,,15,6,,,,Rene,,
03/07/2023,,16,6,,,,Rene,,
03/07/2023,,17,6,,,,Rene,,
03/07/2023,,18,6,,,,Rene,,
03/07/2023,,19,6,,,,Rene,,
03/07/2023,,20,3,,,,Rene,,
05/07/2023,,1,28,Singleklipper 1,"3,2",,Rene,,
05/07/2023,,2,33,Singleklipper 1,"3,2",,,,
05/07/2023,,3,26,Singleklipper 1,"3,2",,,,
05/07/2023,,4,39,Singleklipper 1,"3,2",,,,
05/07/2023,,5,30,Singleklipper 1,"3,2",,,,
05/07/2023,,6,32,Singleklipper 1,"3,2",,,,
05/07/2023,,7,34,Singleklipper 1,"3,2",,,,
05/07/2023,,8,,Singleklipper 1,"3,2",,,,
05/07/2023,,9,,Singleklipper 1,"3,2",,,,
05/07/2023,,10,,Singleklipper 1,"3,2",,,,
05/07/2023,,11,26,Singleklipper 1,"3,2",,,,
05/07/2023,,12,44,Singleklipper 1,"3,2",,,,
05/07/2023,,13,31,Singleklipper 1,"3,2",,,,
05/07/2023,,14,37,Singleklipper 1,"3,2",,,,
05/07/2023,,15,35,Singleklipper 1,"3,2",,,,
05/07/2023,,16,40,Singleklipper 1,"3,2",,,,
05/07/2023,,17,36,Singleklipper 1,"3,2",,,,
05/07/2023,,18,,Singleklipper 1,"3,2",,,,
05/07/2023,,19,,Singleklipper 1,"3,2",,,,
05/07/2023,,20,,Singleklipper 1,"3,2",,,,
06/07/2023,,1,1,,,,SWE,,
06/07/2023,,2,"1,5",,,,SWE,,
06/07/2023,,3,"1,5",,,,SWE,,
06/07/2023,,4,2,,,,SWE,,
06/07/2023,,5,"1,5",,,,SWE,,
06/07/2023,,6,1,,,,SWE,,
06/07/2023,,7,1,,,,SWE,,
06/07/2023,,8,1,,,,SWE,,
06/07/2023,,9,1,,,,SWE,,
06/07/2023,,10,1,,,,SWE,,
06/07/2023,,11,1,,,,SWE,,
06/07/2023,,12,"1,5",,,,SWE,,
06/07/2023,,13,1,,,,SWE,,
06/07/2023,,14,"0,5",,,,SWE,,
06/07/2023,,15,"1,5",,,,SWE,,
06/07/2023,,16,"0,5",,,,SWE,,
06/07/2023,,17,1,,,,SWE,,
06/07/2023,,18,"0,5",,,,SWE,,
06/07/2023,,19,1,,,,SWE,,
06/07/2023,,20,"0,5",,,,,,
08/07/2023,,1,5,,,,,,
08/07/2023,,2,9,,,,,,
08/07/2023,,3,9,,,,,,
08/07/2023,,4,8,,,,,,
08/07/2023,,5,10,,,,,,
08/07/2023,,6,9,,,,,,
08/07/2023,,7,8,,,,,,
08/07/2023,,8,6,,,,,,
08/07/2023,,9,7,,,,,,
08/07/2023,,10,7,,,,,,
08/07/2023,,11,7,,,,,,
08/07/2023,,12,10,,,,,,
08/07/2023,,13,8,,,,,,
08/07/2023,,14,7,,,,,,
08/07/2023,,15,9,,,,,,
08/07/2023,,16,8,,,,,,
08/07/2023,,17,9,,,,,,
08/07/2023,,18,6,,,,,,
08/07/2023,,19,6,,,,,,
08/07/2023,,20,5,,,,,,
09/07/2023,,1,2,,,,,No,
09/07/2023,,2,4,,,,,No,
09/07/2023,,3,4,,,,,No,
09/07/2023,,4,4,,,,,No,
09/07/2023,,5,4,,,,,No,
09/07/2023,,6,5,,,,,No,
09/07/2023,,7,4,,,,,No,
09/07/2023,,8,4,,,,,No,
09/07/2023,,9,3,,,,,No,
09/07/2023,,10,4,,,,,No,
09/07/2023,,11,4,,,,,No,
09/07/2023,,12,5,,,,,No,
09/07/2023,,13,4,,,,,No,
09/07/2023,,14,4,,,,,No,
09/07/2023,,15,4,,,,,No,
09/07/2023,,16,3,,,,,No,
09/07/2023,,17,4,,,,,No,
09/07/2023,,18,3,,,,,No,
09/07/2023,,19,3,,,,,No,
09/07/2023,,20,1,,,,,No,
13/07/2023,,1,10,,,,,,
13/07/2023,,2,12,,,,,,
13/07/2023,,3,12,,,,,,
13/07/2023,,4,15,,,,,,
13/07/2023,,5,11,,,,,,
13/07/2023,,6,18,,,,,,
13/07/2023,,7,12,,,,,,
13/07/2023,,8,10,,,,,,
13/07/2023,,9,12,,,,,,
13/07/2023,,10,11,,,,,,
13/07/2023,,11,12,,,,,,
13/07/2023,,12,14,,,,,,
13/07/2023,,13,15,,,,,,
13/07/2023,,14,12,,,,,,
13/07/2023,,15,18,,,,,,
13/07/2023,,16,14,,,,,,
13/07/2023,,17,13,,,,,,
13/07/2023,,18,9,,,,,,
13/07/2023,,19,13,,,,,,
13/07/2023,,20,7,,,,,,
14/07/2023,,1,"8,5",,,,,Yes,
14/07/2023,,2,10,,,,,Yes,
14/07/2023,,3,7,,,,,Yes,
14/07/2023,,4,"7,5",,,,,Yes,
14/07/2023,,5,17,,,,,Yes,
14/07/2023,,6,16,,,,,Yes,
14/07/2023,,7,17,,,,,Yes,
14/07/2023,,8,6,,,,,Yes,
14/07/2023,,9,7,,,,,Yes,
14/07/2023,,10,15,,,,,Yes,
14/07/2023,,11,"12,5",,,,,Yes,
14/07/2023,,12,18,,,,,Yes,
14/07/2023,,13,14,,,,,Yes,
14/07/2023,,14,17,,,,,Yes,
14/07/2023,,15,19,,,,,Yes,
14/07/2023,,16,17,,,,,Yes,
14/07/2023,,17,15,,,,,Yes,
14/07/2023,,18,"6,5",,,,,Yes,
14/07/2023,,19,7,,,,,Yes,
14/07/2023,,20,"1,5",,,,,,
15/07/2023,,1,4,,,,,,
15/07/2023,,2,6,,,,,,
15/07/2023,,3,5,,,,,,
15/07/2023,,4,6,,,,,,
15/07/2023,,5,7,,,,,,
15/07/2023,,6,8,,,,,,
15/07/2023,,7,7,,,,,,
15/07/2023,,8,5,,,,,,
15/07/2023,,9,5,,,,,,
15/07/2023,,10,5,,,,,,
15/07/2023,,11,5,,,,,,
15/07/2023,,12,7,,,,,,
15/07/2023,,13,5,,,,,,
15/07/2023,,14,6,,,,,,
15/07/2023,,15,7,,,,,,
15/07/2023,,16,7,,,,,,
15/07/2023,,17,7,,,,,,
15/07/2023,,18,4,,,,,,
15/07/2023,,19,4,,,,,,
15/07/2023,,20,3,,,,,,
16/07/2023,,1,7,,,,,Yes,
16/07/2023,,2,10,,,,,Yes,
16/07/2023,,3,10,,,,,Yes,
16/07/2023,,4,11,,,,,Yes,
16/07/2023,,5,9,,,,,Yes,
16/07/2023,,6,11,,,,,Yes,
16/07/2023,,7,9,,,,,Yes,
16/07/2023,,8,8,,,,,Yes,
16/07/2023,,9,8,,,,,Yes,
16/07/2023,,10,9,,,,,Yes,
16/07/2023,,11,8,,,,,Yes,
16/07/2023,,12,12,,,,,Yes,
16/07/2023,,13,9,,,,,Yes,
16/07/2023,,14,10,,,,,Yes,
16/07/2023,,15,11,,,,,Yes,
16/07/2023,,16,10,,,,,Yes,
16/07/2023,,17,10,,,,,Yes,
16/07/2023,,18,6,,,,,Yes,
16/07/2023,,19,7,,,,,Yes,
16/07/2023,,20,3,,,,,Yes,
18/07/2023,,1,13,,,,,,
18/07/2023,,2,14,,,,,,
18/07/2023,,3,12,,,,,,
18/07/2023,,4,14,,,,,,
18/07/2023,,5,14,,,,,,
18/07/2023,,6,15,,,,,,
18/07/2023,,7,12,,,,,,
18/07/2023,,8,19,,,,,,
18/07/2023,,9,13,,,,,,
18/07/2023,,10,14,,,,,,
18/07/2023,,11,13,,,,,,
18/07/2023,,12,19,,,,,,
18/07/2023,,13,15,,,,,,
18/07/2023,,14,13,,,,,,
18/07/2023,,15,15,,,,,,
18/07/2023,,16,13,,,,,,
18/07/2023,,17,15,,,,,,
18/07/2023,,18,12,,,,,,
18/07/2023,,19,8,,,,,,
18/07/2023,,20,4,,,,,,
20/07/2023,,1,9,,,,,,
20/07/2023,,2,12,,,,,,
20/07/2023,,3,10,,,,,,
20/07/2023,,4,11,,,,,,
20/07/2023,,5,11,,,,,,
20/07/2023,,6,14,,,,,,
20/07/2023,,7,11,,,,,,
20/07/2023,,8,8,,,,,,
20/07/2023,,9,10,,,,,,
20/07/2023,,10,13,,,,,,
20/07/2023,,11,9,,,,,,
20/07/2023,,12,15,,,,,,
20/07/2023,,13,12,,,,,,
20/07/2023,,14,12,,,,,,
20/07/2023,,15,11,,,,,,
20/07/2023,,16,11,,,,,,
20/07/2023,,17,13,,,,,,
20/07/2023,,18,9,,,,,,
20/07/2023,,19,9,,,,,,
20/07/2023,,20,2,,,,,,
21/07/2023,,1,11,,,,,Yes,Yes
21/07/2023,,2,14,,,,,Yes,Yes
21/07/2023,,3,12,,,,,Yes,Yes
21/07/2023,,4,15,,,,,Yes,Yes
21/07/2023,,5,15,,,,,Yes,Yes
21/07/2023,,6,17,,,,,Yes,Yes
21/07/2023,,7,14,,,,,Yes,Yes
21/07/2023,,8,12,,,,,Yes,Yes
21/07/2023,,9,14,,,,,Yes,Yes
21/07/2023,,10,16,,,,,Yes,Yes
21/07/2023,,11,11,,,,,Yes,Yes
21/07/2023,,12,25,,,,,Yes,Yes
21/07/2023,,13,16,,,,,Yes,Yes
21/07/2023,,14,15,,,,,Yes,Yes
21/07/2023,,15,18,,,,,Yes,Yes
21/07/2023,,16,15,,,,,Yes,Yes
21/07/2023,,17,20,,,,,Yes,Yes
21/07/2023,,18,9,,,,,Yes,Yes
21/07/2023,,19,13,,,,,Yes,Yes
21/07/2023,,20,4,,,,,Yes,Yes
22/07/2023,,1,8,,,,,,
22/07/2023,,2,10,,,,,,
22/07/2023,,3,8,,,,,,
22/07/2023,,4,10,,,,,,
22/07/2023,,5,11,,,,,,
22/07/2023,,6,13,,,,,,
22/07/2023,,7,10,,,,,,
22/07/2023,,8,6,,,,,,
22/07/2023,,9,9,,,,,,
22/07/2023,,10,9,,,,,,
22/07/2023,,11,7,,,,,,
22/07/2023,,12,16,,,,,,
22/07/2023,,13,9,,,,,,
22/07/2023,,14,10,,,,,,
22/07/2023,,15,14,,,,,,
22/07/2023,,16,9,,,,,,
22/07/2023,,17,10,,,,,,
22/07/2023,,18,9,,,,,,
22/07/2023,,19,9,,,,,,
22/07/2023,,20,2,,,,,,
23/07/2023,,1,5,,,,,,Yes
23/07/2023,,2,8,,,,,,Yes
23/07/2023,,3,6,,,,,,Yes
23/07/2023,,4,7,,,,,,Yes
23/07/2023,,5,8,,,,,,Yes
23/07/2023,,6,6,,,,,,Yes
23/07/2023,,7,8,,,,,,Yes
23/07/2023,,8,5,,,,,,Yes
23/07/2023,,9,5,,,,,,Yes
23/07/2023,,10,6,,,,,,Yes
23/07/2023,,11,5,,,,,,Yes
23/07/2023,,12,9,,,,,,Yes
23/07/2023,,13,6,,,,,,Yes
23/07/2023,,14,7,,,,,,Yes
23/07/2023,,15,10,,,,,,Yes
23/07/2023,,16,5,,,,,,Yes
23/07/2023,,17,5,,,,,,Yes
23/07/2023,,18,7,,,,,,Yes
23/07/2023,,19,6,,,,,,Yes
23/07/2023,,20,"0,5",,,,,,Yes
24/07/2023,,1,7,,,,,,
24/07/2023,,2,8,,,,,,
24/07/2023,,3,9,,,,,,
24/07/2023,,4,10,,,,,,
24/07/2023,,5,9,,,,,,
24/07/2023,,6,11,,,,,,
24/07/2023,,7,9,,,,,,
24/07/2023,,8,6,,,,,,
24/07/2023,,9,7,,,,,,
24/07/2023,,10,10,,,,,,
24/07/2023,,11,7,,,,,,
24/07/2023,,12,12,,,,,,
24/07/2023,,13,11,,,,,,
24/07/2023,,14,9,,,,,,
24/07/2023,,15,11,,,,,,
24/07/2023,,16,15,,,,,,
24/07/2023,,17,12,,,,,,
24/07/2023,,18,6,,,,,,
24/07/2023,,19,9,,,,,,
24/07/2023,,20,1,,,,,,
25/07/2023,,1,12,,,,,,
25/07/2023,,2,17,,,,,,
25/07/2023,,3,17,,,,,,
25/07/2023,,4,18,,,,,,
25/07/2023,,5,17,,,,,,
25/07/2023,,6,16,,,,,,
25/07/2023,,7,14,,,,,,
25/07/2023,,8,14,,,,,,
25/07/2023,,9,16,,,,,,
25/07/2023,,10,17,,,,,,
25/07/2023,,11,14,,,,,,
25/07/2023,,12,24,,,,,,
25/07/2023,,13,17,,,,,,
25/07/2023,,14,16,,,,,,
25/07/2023,,15,17,,,,,,
25/07/2023,,16,18,,,,,,
25/07/2023,,17,16,,,,,,
25/07/2023,,18,18,,,,,,
25/07/2023,,19,17,,,,,,
25/07/2023,,20,4,,,,,,
26/07/2023,,1,4,,,,,,
26/07/2023,,2,6,,,,,,
26/07/2023,,3,5,,,,,,
26/07/2023,,4,6,,,,,,
26/07/2023,,5,6,,,,,,
26/07/2023,,6,6,,,,,,
26/07/2023,,7,5,,,,,,
26/07/2023,,8,3,,,,,,
26/07/2023,,9,5,,,,,,
26/07/2023,,10,4,,,,,,
26/07/2023,,11,5,,,,,,
26/07/2023,,12,6,,,,,,
26/07/2023,,13,4,,,,,,
26/07/2023,,14,4,,,,,,
26/07/2023,,15,5,,,,,,
26/07/2023,,16,4,,,,,,
26/07/2023,,17,5,,,,,,
26/07/2023,,18,4,,,,,,
26/07/2023,,19,3,,,,,,
26/07/2023,,20,1,,,,,,
27/07/2023,,1,"4,5",,,,SWE,,
27/07/2023,,2,4,,,,SWE,,
27/07/2023,,3,3,,,,SWE,,
27/07/2023,,4,4,,,,SWE,,
27/07/2023,,5,3,,,,SWE,,
27/07/2023,,6,5,,,,SWE,,
27/07/2023,,7,5,,,,SWE,,
27/07/2023,,8,4,,,,SWE,,
27/07/2023,,9,4,,,,SWE,,
27/07/2023,,10,6,,,,SWE,,
27/07/2023,,11,3,,,,SWE,,
27/07/2023,,12,5,,,,SWE,,
27/07/2023,,13,6,,,,SWE,,
27/07/2023,,14,5,,,,SWE,,
27/07/2023,,15,7,,,,SWE,,
27/07/2023,,16,3,,,,SWE,,
27/07/2023,,17,5,,,,SWE,,
27/07/2023,,18,"4,5",,,,SWE,,
27/07/2023,,19,3,,,,SWE,,
27/07/2023,,20,2,,,,SWE,,
28/07/2023,,1,"2,5",,,,,,
28/07/2023,,2,2,,,,,,
28/07/2023,,3,3,,,,,,
28/07/2023,,4,"2,5",,,,,,
28/07/2023,,5,2,,,,,,
28/07/2023,,6,3,,,,,,
28/07/2023,,7,2,,,,,,
28/07/2023,,8,2,,,,,,
28/07/2023,,9,"2,5",,,,,,
28/07/2023,,10,"2,5",,,,,,
28/07/2023,,11,3,,,,,,
28/07/2023,,12,"3,5",,,,,,
28/07/2023,,13,3,,,,,,
28/07/2023,,14,3,,,,,,
28/07/2023,,15,3,,,,,,
28/07/2023,,16,2,,,,,,
28/07/2023,,17,4,,,,,,
28/07/2023,,18,2,,,,,,
28/07/2023,,19,"2,5",,,,,,
28/07/2023,,20,"0,5",,,,,,
29/07/2023,,1,11,,,,,,
29/07/2023,,2,8,,,,,,
29/07/2023,,3,11,,,,,,
29/07/2023,,4,9,,,,,,
29/07/2023,,5,9,,,,,,
29/07/2023,,6,10,,,,,,
29/07/2023,,7,12,,,,,,
29/07/2023,,8,8,,,,,,
29/07/2023,,9,8,,,,,,
29/07/2023,,10,9,,,,,,
29/07/2023,,11,9,,,,,,
29/07/2023,,12,12,,,,,,
29/07/2023,,13,10,,,,,,
29/07/2023,,14,9,,,,,,
29/07/2023,,15,12,,,,,,
29/07/2023,,16,10,,,,,,
29/07/2023,,17,10,,,,,,
29/07/2023,,18,11,,,,,,
29/07/2023,,19,5,,,,,,
29/07/2023,,20,"0,5",,,,,,
02/08/2023,,1,21,,,,,,
02/08/2023,,2,24,,,,,,
02/08/2023,,3,23,,,,,,
02/08/2023,,4,23,,,,,,
02/08/2023,,5,22,,,,,,
02/08/2023,,6,25,,,,,,
02/08/2023,,7,21,,,,,,
02/08/2023,,8,23,,,,,,
02/08/2023,,9,22,,,,,,
02/08/2023,,10,22,,,,,,
02/08/2023,,11,19,,,,,,
02/08/2023,,12,23,,,,,,
02/08/2023,,13,21,,,,,,
02/08/2023,,14,20,,,,,,
02/08/2023,,15,24,,,,,,
02/08/2023,,16,22,,,,,,
02/08/2023,,17,21,,,,,,
02/08/2023,,18,19,,,,,,
02/08/2023,,19,23,,,,,,
02/08/2023,,20,8,,,,,,
04/08/2023,,1,15,,,,,,
04/08/2023,,2,19,,,,,,
04/08/2023,,3,17,,,,,,
04/08/2023,,4,21,,,,,,
04/08/2023,,5,19,,,,,,
04/08/2023,,6,22,,,,,,
04/08/2023,,7,17,,,,,,
04/08/2023,,8,16,,,,,,
04/08/2023,,9,16,,,,,,
04/08/2023,,10,16,,,,,,
04/08/2023,,11,14,,,,,,
04/08/2023,,12,22,,,,,,
04/08/2023,,13,19,,,,,,
04/08/2023,,14,20,,,,,,
04/08/2023,,15,24,,,,,,
04/08/2023,,16,17,,,,,,
04/08/2023,,17,17,,,,,,
04/08/2023,,18,16,,,,,,
04/08/2023,,19,13,,,,,,
04/08/2023,,20,3,,,,,,
06/08/2023,,1,10,,,,,,
06/08/2023,,2,10,,,,,,
06/08/2023,,3,12,,,,,,
06/08/2023,,4,13,,,,,,
06/08/2023,,5,11,,,,,,
06/08/2023,,6,13,,,,,,
06/08/2023,,7,11,,,,,,
06/08/2023,,8,9,,,,,,
06/08/2023,,9,11,,,,,,
06/08/2023,,10,10,,,,,,
06/08/2023,,11,9,,,,,,
06/08/2023,,12,11,,,,,,
06/08/2023,,13,11,,,,,,
06/08/2023,,14,10,,,,,,
06/08/2023,,15,14,,,,,,
06/08/2023,,16,9,,,,,,
06/08/2023,,17,10,,,,,,
06/08/2023,,18,10,,,,,,
06/08/2023,,19,6,,,,,,
06/08/2023,,20,2,,,,,,
11/08/2023,,1,20,,,,,Yes,Yes
11/08/2023,,2,23,,,,,Yes,Yes
11/08/2023,,3,24,,,,,Yes,Yes
11/08/2023,,4,24,,,,,Yes,Yes
11/08/2023,,5,22,,,,,Yes,Yes
11/08/2023,,6,30,,,,,Yes,Yes
11/08/2023,,7,23,,,,,Yes,Yes
11/08/2023,,8,19,,,,,Yes,Yes
11/08/2023,,9,22,,,,,Yes,Yes
11/08/2023,,10,21,,,,,Yes,Yes
11/08/2023,,11,18,,,,,Yes,Yes
11/08/2023,,12,25,,,,,Yes,Yes
11/08/2023,,13,24,,,,,Yes,Yes
11/08/2023,,14,23,,,,,Yes,Yes
11/08/2023,,15,26,,,,,Yes,Yes
11/08/2023,,16,23,,,,,Yes,Yes
11/08/2023,,17,25,,,,,Yes,Yes
11/08/2023,,18,19,,,,,Yes,Yes
11/08/2023,,19,20,,,,,Yes,Yes
11/08/2023,,20,5,,,,,Yes,Yes
12/08/2023,,1,15,,,,,,
12/08/2023,,2,22,,,,,,
12/08/2023,,3,25,,,,,,
12/08/2023,,4,19,,,,,,
12/08/2023,,5,14,,,,,,
12/08/2023,,6,25,,,,,,
12/08/2023,,7,18,,,,,,
12/08/2023,,8,15,,,,,,
12/08/2023,,9,14,,,,,,
12/08/2023,,10,16,,,,,,
12/08/2023,,11,13,,,,,,
12/08/2023,,12,16,,,,,,
12/08/2023,,13,19,,,,,,
12/08/2023,,14,22,,,,,,
12/08/2023,,15,25,,,,,,
12/08/2023,,16,16,,,,,,
12/08/2023,,17,18,,,,,,
12/08/2023,,18,15,,,,,,
12/08/2023,,19,19,,,,,,
12/08/2023,,20,5,,,,,,
14/08/2023,,1,8,,,,,,
14/08/2023,,2,10,,,,,,
14/08/2023,,3,12,,,,,,
14/08/2023,,4,12,,,,,,
14/08/2023,,5,10,,,,,,
14/08/2023,,6,12,,,,,,
14/08/2023,,7,8,,,,,,
14/08/2023,,8,8,,,,,,
14/08/2023,,9,10,,,,,,
14/08/2023,,10,12,,,,,,
14/08/2023,,11,9,,,,,,
14/08/2023,,12,13,,,,,,
14/08/2023,,13,12,,,,,,
14/08/2023,,14,10,,,,,,
14/08/2023,,15,12,,,,,,
14/08/2023,,16,10,,,,,,
14/08/2023,,17,9,,,,,,
14/08/2023,,18,10,,,,,,
14/08/2023,,19,15,,,,,,
14/08/2023,,20,2,,,,,,
15/08/2023,,1,9,,,,,,
15/08/2023,,2,8,,,,,,
15/08/2023,,3,9,,,,,,
15/08/2023,,4,10,,,,,,
15/08/2023,,5,8,,,,,,
15/08/2023,,6,10,,,,,,
15/08/2023,,7,9,,,,,,
15/08/2023,,8,9,,,,,,
15/08/2023,,9,10,,,,,,
15/08/2023,,10,9,,,,,,
15/08/2023,,11,8,,,,,,
15/08/2023,,12,8,,,,,,
15/08/2023,,13,10,,,,,,
15/08/2023,,14,9,,,,,,
15/08/2023,,15,10,,,,,,
15/08/2023,,16,9,,,,,,
15/08/2023,,17,9,,,,,,
15/08/2023,,18,9,,,,,,
15/08/2023,,19,14,,,,,,
15/08/2023,,20,2,,,,,,
17/08/2023,,1,6,,,,,,
17/08/2023,,2,5,,,,,,
17/08/2023,,3,8,,,,,,
17/08/2023,,4,8,,,,,,
17/08/2023,,5,5,,,,,,
17/08/2023,,6,13,,,,,,
17/08/2023,,7,8,,,,,,
17/08/2023,,8,7,,,,,,
17/08/2023,,9,12,,,,,,
17/08/2023,,10,7,,,,,,
17/08/2023,,11,5,,,,,,
17/08/2023,,12,8,,,,,,
17/08/2023,,13,7,,,,,,
17/08/2023,,14,7,,,,,,
17/08/2023,,15,7,,,,,,
17/08/2023,,16,6,,,,,,
17/08/2023,,17,6,,,,,,
17/08/2023,,18,9,,,,,,
17/08/2023,,19,8,,,,,,
17/08/2023,,20,1,,,,,,
18/08/2023,Venstre-Højre:Med uret,1,"13,5",,,,,,
18/08/2023,Venstre-Højre:Med uret,2,14,,,,,,
18/08/2023,Venstre-Højre:Med uret,3,15,,,,,,
18/08/2023,Venstre-Højre:Med uret,4,20,,,,,,
18/08/2023,Venstre-Højre:Med uret,5,17,,,,,,
18/08/2023,Venstre-Højre:Med uret,6,20,,,,,,
18/08/2023,Venstre-Højre:Med uret,7,17,,,,,,
18/08/2023,Venstre-Højre:Med uret,8,14,,,,,,
18/08/2023,Venstre-Højre:Med uret,9,14,,,,,,
18/08/2023,Venstre-Højre:Med uret,10,20,,,,,,
18/08/2023,Venstre-Højre:Med uret,11,12,,,,,,
18/08/2023,Venstre-Højre:Med uret,12,23,,,,,,
18/08/2023,Venstre-Højre:Med uret,13,18,,,,,,
18/08/2023,Venstre-Højre:Med uret,14,17,,,,,,
18/08/2023,Venstre-Højre:Med uret,15,18,,,,,,
18/08/2023,Venstre-Højre:Med uret,16,12,,,,,,
18/08/2023,Venstre-Højre:Med uret,17,14,,,,,,
18/08/2023,Venstre-Højre:Med uret,18,13,,,,,,
18/08/2023,Venstre-Højre:Med uret,19,21,,,,,,
18/08/2023,Venstre-Højre:Med uret,20,6,,,,,,
19/08/2023,,1,5,,,,,No,
19/08/2023,,2,6,,,,,No,
19/08/2023,,3,7,,,,,No,
19/08/2023,,4,9,,,,,No,
19/08/2023,,5,5,,,,,No,
19/08/2023,,6,8,,,,,No,
19/08/2023,,7,7,,,,,No,
19/08/2023,,8,6,,,,,No,
19/08/2023,,9,6,,,,,No,
19/08/2023,,10,7,,,,,No,
19/08/2023,,11,4,,,,,No,
19/08/2023,,12,10,,,,,No,
19/08/2023,,13,7,,,,,No,
19/08/2023,,14,8,,,,,No,
19/08/2023,,15,8,,,,,No,
19/08/2023,,16,6,,,,,No,
19/08/2023,,17,6,,,,,No,
19/08/2023,,18,6,,,,,No,
19/08/2023,,19,10,,,,,No,
19/08/2023,,20,3,,,,,No,
20/08/2023,,1,9,,,,,,
20/08/2023,,2,10,,,,,,
20/08/2023,,3,11,,,,,,
20/08/2023,,4,16,,,,,,
20/08/2023,,5,11,,,,,,
20/08/2023,,6,15,,,,,,
20/08/2023,,7,12,,,,,,
20/08/2023,,8,9,,,,,,
20/08/2023,,9,10,,,,,,
20/08/2023,,10,11,,,,,,
20/08/2023,,11,9,,,,,,
20/08/2023,,12,13,,,,,,
20/08/2023,,13,10,,,,,,
20/08/2023,,14,11,,,,,,
20/08/2023,,15,11,,,,,,
20/08/2023,,16,9,,,,,,
20/08/2023,,17,11,,,,,,
20/08/2023,,18,9,,,,,,
20/08/2023,,19,12,,,,,,
20/08/2023,,20,4,,,,,,
23/08/2023,,1,6,,,,,,
23/08/2023,,2,6,,,,,,
23/08/2023,,3,10,,,,,,
23/08/2023,,4,11,,,,,,
23/08/2023,,5,7,,,,,,
23/08/2023,,6,12,,,,,,
23/08/2023,,7,7,,,,,,
23/08/2023,,8,8,,,,,,
23/08/2023,,9,8,,,,,,
23/08/2023,,10,6,,,,,,
23/08/2023,,11,5,,,,,,
23/08/2023,,12,12,,,,,,
23/08/2023,,13,9,,,,,,
23/08/2023,,14,9,,,,,,
23/08/2023,,15,10,,,,,,
23/08/2023,,16,7,,,,,,
23/08/2023,,17,12,,,,,,
23/08/2023,,18,5,,,,,,
23/08/2023,,19,9,,,,,,
23/08/2023,,20,1,,,,,,
24/08/2023,,1,9,,,,,,
24/08/2023,,2,12,,,,,,
24/08/2023,,3,12,,,,,,
24/08/2023,,4,12,,,,,,
24/08/2023,,5,10,,,,,,
24/08/2023,,6,11,,,,,,
24/08/2023,,7,10,,,,,,
24/08/2023,,8,10,,,,,,
24/08/2023,,9,9,,,,,,
24/08/2023,,10,8,,,,,,
24/08/2023,,11,9,,,,,,
24/08/2023,,12,12,,,,,,
24/08/2023,,13,12,,,,,,
24/08/2023,,14,10,,,,,,
24/08/2023,,15,12,,,,,,
24/08/2023,,16,10,,,,,,
24/08/2023,,17,12,,,,,,
24/08/2023,,18,10,,,,,,
24/08/2023,,19,12,,,,,,
24/08/2023,,20,3,,,,,,
27/08/2023,,1,11,,,,,,
27/08/2023,,2,12,,,,,,
27/08/2023,,3,10,,,,,,
27/08/2023,,4,12,,,,,,
27/08/2023,,5,10,,,,,,
27/08/2023,,6,13,,,,,,
27/08/2023,,7,12,,,,,,
27/08/2023,,8,10,,,,,,
27/08/2023,,9,10,,,,,,
27/08/2023,,10,13,,,,,,
27/08/2023,,11,10,,,,,,
27/08/2023,,12,14,,,,,,
27/08/2023,,13,12,,,,,,
27/08/2023,,14,10,,,,,,
27/08/2023,,15,14,,,,,,
27/08/2023,,16,12,,,,,,
27/08/2023,,17,12,,,,,,
27/08/2023,,18,10,,,,,,
27/08/2023,,19,12,,,,,,
27/08/2023,,20,,,,,,,
31/08/2023,,1,7,,,,,,
31/08/2023,,2,9,,,,,,
31/08/2023,,3,9,,,,,,
31/08/2023,,4,10,,,,,,
31/08/2023,,5,7,,,,,,
31/08/2023,,6,13,,,,,,
31/08/2023,,7,11,,,,,,
31/08/2023,,8,8,,,,,,
31/08/2023,,9,8,,,,,,
31/08/2023,,10,9,,,,,,
31/08/2023,,11,7,,,,,,
31/08/2023,,12,13,,,,,,
31/08/2023,,13,10,,,,,,
31/08/2023,,14,13,,,,,,
31/08/2023,,15,11,,,,,,
31/08/2023,,16,11,,,,,,
31/08/2023,,17,11,,,,,,
31/08/2023,,18,6,,,,,,
31/08/2023,,19,,,,,,,
31/08/2023,,20,"0,5",,,,,,
02/09/2023,,1,20,,,,,,
02/09/2023,,2,21,,,,,,
02/09/2023,,3,25,,,,,,
02/09/2023,,4,29,,,,,,
02/09/2023,,5,20,,,,,,
02/09/2023,,6,29,,,,,,
02/09/2023,,7,25,,,,,,
02/09/2023,,8,21,,,,,,
02/09/2023,,9,21,,,,,,
02/09/2023,,10,24,,,,,,
02/09/2023,,11,19,,,,,,
02/09/2023,,12,32,,,,,,
02/09/2023,,13,24,,,,,,
02/09/2023,,14,25,,,,,,
02/09/2023,,15,26,,,,,,
02/09/2023,,16,26,,,,,,
02/09/2023,,17,27,,,,,,
02/09/2023,,18,15,,,,,,
02/09/2023,,19,,,,,,,
02/09/2023,,20,5,,,,,,
03/09/2023,,1,10,,,,,,
03/09/2023,,2,10,,,,,,
03/09/2023,,3,11,,,,,,
03/09/2023,,4,15,,,,,,
03/09/2023,,5,11,,,,,,
03/09/2023,,6,15,,,,,,
03/09/2023,,7,15,,,,,,
03/09/2023,,8,11,,,,,,
03/09/2023,,9,11,,,,,,
03/09/2023,,10,12,,,,,,
03/09/2023,,11,9,,,,,,
03/09/2023,,12,15,,,,,,
03/09/2023,,13,13,,,,,,
03/09/2023,,14,13,,,,,,
03/09/2023,,15,13,,,,,,
03/09/2023,,16,11,,,,,,
03/09/2023,,17,13,,,,,,
03/09/2023,,18,11,,,,,,
03/09/2023,,19,,,,,,,
03/09/2023,,20,4,,,,,,
04/09/2023,,1,6,,,,,,
04/09/2023,,2,6,,,,,,
04/09/2023,,3,7,,,,,,
04/09/2023,,4,8,,,,,,
04/09/2023,,5,6,,,,,,
04/09/2023,,6,10,,,,,,
04/09/2023,,7,7,,,,,,
04/09/2023,,8,7,,,,,,
04/09/2023,,9,7,,,,,,
04/09/2023,,10,7,,,,,,
04/09/2023,,11,8,,,,,,
04/09/2023,,12,11,,,,,,
04/09/2023,,13,7,,,,,,
04/09/2023,,14,9,,,,,,
04/09/2023,,15,7,,,,,,
04/09/2023,,16,10,,,,,,
04/09/2023,,17,10,,,,,,
04/09/2023,,18,4,,,,,,
04/09/2023,,19,,,,,,,
04/09/2023,,20,1,,,,,,
05/09/2023,,1,12,,,,,,
05/09/2023,,2,16,,,,,,
05/09/2023,,3,"16,5",,,,,,
05/09/2023,,4,18,,,,,,
05/09/2023,,5,15,,,,,,
05/09/2023,,6,18,,,,,,
05/09/2023,,7,14,,,,,,
05/09/2023,,8,13,,,,,,
05/09/2023,,9,14,,,,,,
05/09/2023,,10,15,,,,,,
05/09/2023,,11,12,,,,,,
05/09/2023,,12,17,,,,,,
05/09/2023,,13,"12,5",,,,,,
05/09/2023,,14,"15,5",,,,,,
05/09/2023,,15,"14,5",,,,,,
05/09/2023,,16,15,,,,,,
05/09/2023,,17,"12,5",,,,,,
05/09/2023,,18,12,,,,,,
05/09/2023,,19,,,,,,,
05/09/2023,,20,4,,,,,,
07/09/2023,,1,16,,,,,,
07/09/2023,,2,20,,,,,,
07/09/2023,,3,24,,,,,,
07/09/2023,,4,28,,,,,,
07/09/2023,,5,18,,,,,,
07/09/2023,,6,22,,,,,,
07/09/2023,,7,25,,,,,,
07/09/2023,,8,20,,,,,,
07/09/2023,,9,21,,,,,,
07/09/2023,,10,17,,,,,,
07/09/2023,,11,18,,,,,,
07/09/2023,,12,21,,,,,,
07/09/2023,,13,21,,,,,,
07/09/2023,,14,21,,,,,,
07/09/2023,,15,18,,,,,,
07/09/2023,,16,12,,,,,,
07/09/2023,,17,14,,,,,,
07/09/2023,,18,17,,,,,,
07/09/2023,,19,,,,,,,
07/09/2023,,20,8,,,,,,
09/09/2023,,1,9,,,,Jonas,No,
09/09/2023,,2,10,,,,Jonas,No,
09/09/2023,,3,8,,,,Jonas,No,
09/09/2023,,4,13,,,,Jonas,No,
09/09/2023,,5,9,,,,Jonas,No,
09/09/2023,,6,14,,,,Jonas,No,
09/09/2023,,7,12,,,,Jonas,No,
09/09/2023,,8,9,,,,Jonas,No,
09/09/2023,,9,11,,,,Jonas,No,
09/09/2023,,10,9,,,,Jonas,No,
09/09/2023,,11,7,,,,Jonas,No,
09/09/2023,,12,12,,,,Jonas,No,
09/09/2023,,13,9,,,,Jonas,No,
09/09/2023,,14,9,,,,Jonas,No,
09/09/2023,,15,10,,,,Jonas,No,
09/09/2023,,16,10,,,,Jonas,No,
09/09/2023,,17,10,,,,Jonas,No,
09/09/2023,,18,8,,,,Jonas,No,
09/09/2023,,19,,,,,Jonas,No,
09/09/2023,,20,2,,,,Jonas,No,
10/09/2023,,1,6,,,,,,
10/09/2023,,2,8,,,,,,
10/09/2023,,3,10,,,,,,
10/09/2023,,4,14,,,,,,
10/09/2023,,5,8,,,,,,
10/09/2023,,6,11,,,,,,
10/09/2023,,7,9,,,,,,
10/09/2023,,8,7,,,,,,
10/09/2023,,9,7,,,,,,
10/09/2023,,10,8,,,,,,
10/09/2023,,11,9,,,,,,
10/09/2023,,12,12,,,,,,
10/09/2023,,13,8,,,,,,
10/09/2023,,14,8,,,,,,
10/09/2023,,15,9,,,,,,
10/09/2023,,16,8,,,,,,
10/09/2023,,17,7,,,,,,
10/09/2023,,18,6,,,,,,
10/09/2023,,19,,,,,,,
10/09/2023,,20,3,,,,,,
11/09/2023,,1,6,,,,Rene,No,
11/09/2023,,2,8,,,,Rene,No,
11/09/2023,,3,8,,,,Rene,No,
11/09/2023,,4,13,,,,Rene,No,
11/09/2023,,5,7,,,,Rene,No,
11/09/2023,,6,9,,,,Rene,No,
11/09/2023,,7,10,,,,Rene,No,
11/09/2023,,8,6,,,,Rene,No,
11/09/2023,,9,6,,,,Rene,No,
11/09/2023,,10,7,,,,Rene,No,
11/09/2023,,11,6,,,,Rene,No,
11/09/2023,,12,9,,,,Rene,No,
11/09/2023,,13,7,,,,Rene,No,
11/09/2023,,14,6,,,,Rene,No,
11/09/2023,,15,8,,,,Rene,No,
11/09/2023,,16,6,,,,Rene,No,
11/09/2023,,17,6,,,,Rene,No,
11/09/2023,,18,5,,,,Rene,No,
11/09/2023,,19,,,,,Rene,No,
11/09/2023,,20,2,,,,Rene,No,
13/09/2023,,1,8,,"3,6",,,,
13/09/2023,,2,11,,"3,6",,,,
13/09/2023,,3,"11,5",,"3,6",,,,
13/09/2023,,4,17,,"3,6",,,,
13/09/2023,,5,10,,"3,6",,,,
13/09/2023,,6,"14,5",,"3,6",,,,
13/09/2023,,7,"12,5",,"3,6",,,,
13/09/2023,,8,"8,5",,"3,6",,,,
13/09/2023,,9,10,,"3,6",,,,
13/09/2023,,10,10,,"3,6",,,,
13/09/2023,,11,11,,"3,6",,,,
13/09/2023,,12,12,,"3,6",,,,
13/09/2023,,13,"8,5",,"3,6",,,,
13/09/2023,,14,11,,"3,6",,,,
13/09/2023,,15,9,,"3,6",,,,
13/09/2023,,16,10,,"3,6",,,,
13/09/2023,,17,11,,"3,6",,,,
13/09/2023,,18,7,,"3,6",,,,
13/09/2023,,19,,,"3,6",,,,
13/09/2023,,20,"1,5",,"3,6",,,,
21/09/2023,,1,15,,,,SWE,Yes,Yes
21/09/2023,,2,12,,,,SWE,Yes,Yes
21/09/2023,,3,14,,,,SWE,Yes,Yes
21/09/2023,,4,23,,,,SWE,Yes,Yes
21/09/2023,,5,14,,,,SWE,Yes,Yes
21/09/2023,,6,18,,,,SWE,Yes,Yes
21/09/2023,,7,14,,,,SWE,Yes,Yes
21/09/2023,,8,12,,,,SWE,Yes,Yes
21/09/2023,,9,15,,,,SWE,Yes,Yes
21/09/2023,,10,13,,,,SWE,Yes,Yes
21/09/2023,,11,11,,,,SWE,Yes,Yes
21/09/2023,,12,16,,,,SWE,Yes,Yes
21/09/2023,,13,10,,,,SWE,Yes,Yes
21/09/2023,,14,13,,,,SWE,Yes,Yes
21/09/2023,,15,12,,,,SWE,Yes,Yes
21/09/2023,,16,12,,,,SWE,Yes,Yes
21/09/2023,,17,12,,,,SWE,Yes,Yes
21/09/2023,,18,11,,,,SWE,Yes,Yes
21/09/2023,,19,42,,,,SWE,Yes,Yes
21/09/2023,,20,,,,,SWE,Yes,Yes
22/09/2023,,1,9,,,,,No,No
22/09/2023,,2,9,,,,,No,No
22/09/2023,,3,10,,,,,No,No
22/09/2023,,4,8,,,,,No,No
22/09/2023,,5,8,,,,,No,No
22/09/2023,,6,7,,,,,No,No
22/09/2023,,7,9,,,,,No,No
22/09/2023,,8,8,,,,,No,No
22/09/2023,,9,9,,,,,No,No
22/09/2023,,10,8,,,,,No,No
22/09/2023,,11,8,,,,,No,No
22/09/2023,,12,9,,,,,No,No
22/09/2023,,13,7,,,,,No,No
22/09/2023,,14,9,,,,,No,No
22/09/2023,,15,10,,,,,No,No
22/09/2023,,16,9,,,,,No,No
22/09/2023,,17,10,,,,,No,No
22/09/2023,,18,8,,,,,No,No
22/09/2023,,19,8,,,,,No,No
22/09/2023,,20,,,,,,No,No
26/09/2023,,1,8,,,,,,
26/09/2023,,2,6,,,,,,
26/09/2023,,3,7,,,,,,
26/09/2023,,4,7,,,,,,
26/09/2023,,5,6,,,,,,
26/09/2023,,6,7,,,,,,
26/09/2023,,7,8,,,,,,
26/09/2023,,8,6,,,,,,
26/09/2023,,9,7,,,,,,
26/09/2023,,10,8,,,,,,
26/09/2023,,11,6,,,,,,
26/09/2023,,12,7,,,,,,
26/09/2023,,13,6,,,,,,
26/09/2023,,14,7,,,,,,
26/09/2023,,15,8,,,,,,
26/09/2023,,16,6,,,,,,
26/09/2023,,17,7,,,,,,
26/09/2023,,18,6,,,,,,
26/09/2023,,19,7,,,,,,
26/09/2023,,20,,,,,,,
30/09/2023,,1,18,,,,Rene,Yes,No
30/09/2023,,2,17,,,,Rene,Yes,No
30/09/2023,,3,21,,,,Rene,Yes,No
30/09/2023,,4,26,,,,Rene,Yes,No
30/09/2023,,5,19,,,,Rene,Yes,No
30/09/2023,,6,24,,,,Rene,Yes,No
30/09/2023,,7,19,,,,Rene,Yes,No
30/09/2023,,8,1,,,,Rene,Yes,No
30/09/2023,,9,18,,,,Rene,Yes,No
30/09/2023,,10,18,,,,Rene,Yes,No
30/09/2023,,11,17,,,,Rene,Yes,No
30/09/2023,,12,22,,,,Rene,Yes,No
30/09/2023,,13,19,,,,Rene,Yes,No
30/09/2023,,14,20,,,,Rene,Yes,No
30/09/2023,,15,21,,,,Rene,Yes,No
30/09/2023,,16,20,,,,Rene,Yes,No
30/09/2023,,17,22,,,,Rene,Yes,No
30/09/2023,,18,16,,,,Rene,Yes,No
30/09/2023,,19,32,,,,Rene,Yes,No
30/09/2023,,20,,,,,Rene,Yes,No
02/10/2023,,1,17,,,,,Yes,No
02/10/2023,,2,17,,,,,Yes,No
02/10/2023,,3,18,,,,,Yes,No
02/10/2023,,4,17,,,,,Yes,No
02/10/2023,,5,18,,,,,Yes,No
02/10/2023,,6,16,,,,,Yes,No
02/10/2023,,7,,,,,,Yes,No
02/10/2023,,8,18,,,,,Yes,No
02/10/2023,,9,16,,,,,Yes,No
02/10/2023,,10,,,,,,Yes,No
02/10/2023,,11,16,,,,,Yes,No
02/10/2023,,12,18,,,,,Yes,No
02/10/2023,,13,17,,,,,Yes,No
02/10/2023,,14,16,,,,,Yes,No
02/10/2023,,15,18,,,,,Yes,No
02/10/2023,,16,17,,,,,Yes,No
02/10/2023,,17,18,,,,,Yes,No
02/10/2023,,18,16,,,,,Yes,No
02/10/2023,,19,21,,,,,Yes,No
02/10/2023,,20,,,,,,Yes,No
08/10/2023,,1,10,,,,Rene,Yes,No
08/10/2023,,2,10,,,,Rene,Yes,No
08/10/2023,,3,24,,,,Rene,Yes,No
08/10/2023,,4,18,,,,Rene,Yes,No
08/10/2023,,5,11,,,,Rene,Yes,No
08/10/2023,,6,19,,,,Rene,Yes,No
08/10/2023,,7,13,,,,Rene,Yes,No
08/10/2023,,8,11,,,,Rene,Yes,No
08/10/2023,,9,11,,,,Rene,Yes,No
08/10/2023,,10,15,,,,Rene,Yes,No
08/10/2023,,11,11,,,,Rene,Yes,No
08/10/2023,,12,17,,,,Rene,Yes,No
08/10/2023,,13,14,,,,Rene,Yes,No
08/10/2023,,14,12,,,,Rene,Yes,No
08/10/2023,,15,14,,,,Rene,Yes,No
08/10/2023,,16,14,,,,Rene,Yes,No
08/10/2023,,17,15,,,,Rene,Yes,No
08/10/2023,,18,11,,,,Rene,Yes,No
08/10/2023,,19,26,,,,Rene,Yes,No
08/10/2023,,20,,,,,Rene,Yes,No
28/04/2024,,1,4,,,,Rasmus,Yes,Yes
28/04/2024,,2,6,,,,Rasmus,Yes,Yes
28/04/2024,,3,6,,,,Rasmus,Yes,Yes
28/04/2024,,4,6,,,,Rasmus,Yes,Yes
28/04/2024,,5,5,,,,Rasmus,Yes,Yes
28/04/2024,,6,5,,,,Rasmus,Yes,Yes
28/04/2024,,7,8,,,,Rasmus,Yes,Yes
28/04/2024,,8,4,,,,Rasmus,Yes,Yes
28/04/2024,,9,6,,,,Rasmus,Yes,Yes
28/04/2024,,10,6,,,,Rasmus,Yes,Yes
28/04/2024,,11,6,,,,Rasmus,Yes,Yes
28/04/2024,,12,6,,,,Rasmus,Yes,Yes
28/04/2024,,13,8,,,,Rasmus,Yes,Yes
28/04/2024,,14,8,,,,Rasmus,Yes,Yes
28/04/2024,,15,8,,,,Rasmus,Yes,Yes
28/04/2024,,16,6,,,,Rasmus,Yes,Yes
28/04/2024,,17,5,,,,Rasmus,Yes,Yes
28/04/2024,,18,4,,,,Rasmus,Yes,Yes
28/04/2024,,19,11,,,,Rasmus,Yes,Yes
28/04/2024,,20,1,,,,Rasmus,Yes,Yes
28/04/2024,,1,"5,5",,,,Bast,Yes,Yes
30/04/2024,,2,4,,,,Bast,Yes,Yes
30/04/2024,,3,"4,5",,,,Bast,Yes,Yes
30/04/2024,,4,10,,,,Bast,Yes,Yes
30/04/2024,,5,7,,,,Bast,Yes,Yes
30/04/2024,,6,8,,,,Bast,Yes,Yes
30/04/2024,,7,9,,,,Bast,Yes,Yes
30/04/2024,,8,7,,,,Bast,Yes,Yes
30/04/2024,,9,"8,5",,,,Bast,Yes,Yes
30/04/2024,,10,9,,,,Bast,Yes,Yes
30/04/2024,,11,9,,,,Bast,Yes,Yes
30/04/2024,,12,8,,,,Bast,Yes,Yes
30/04/2024,,13,11,,,,Bast,Yes,Yes
30/04/2024,,14,13,,,,Bast,Yes,Yes
30/04/2024,,15,"10,5",,,,Bast,Yes,Yes
30/04/2024,,16,9,,,,Bast,Yes,Yes
30/04/2024,,17,7,,,,Bast,Yes,Yes
30/04/2024,,18,6,,,,Bast,Yes,Yes
30/04/2024,,19,10,,,,Bast,Yes,Yes
30/04/2024,,20,"2,5",,,,Bast,Yes,Yes
01/05/2024,,1,2,Triplex,,,Frederik,No,Yes
01/05/2024,,2,4,Triplex,,,Frederik,No,Yes
01/05/2024,,3,5,Triplex,,,Frederik,No,Yes
01/05/2024,,4,6,Triplex,,,Frederik,No,Yes
01/05/2024,,5,4,Triplex,,,Frederik,No,Yes
01/05/2024,,6,6,Triplex,,,Frederik,No,Yes
01/05/2024,,7,7,Triplex,,,Frederik,No,Yes
01/05/2024,,8,4,Triplex,,,Frederik,No,Yes
01/05/2024,,9,4,Triplex,,,Frederik,No,Yes
01/05/2024,,10,5,Triplex,,,Frederik,No,Yes
01/05/2024,,11,4,Triplex,,,Frederik,No,Yes
01/05/2024,,12,7,Triplex,,,Frederik,No,Yes
01/05/2024,,13,5,Triplex,,,Frederik,No,Yes
01/05/2024,,14,5,Triplex,,,Frederik,No,Yes
01/05/2024,,15,7,Triplex,,,Frederik,No,Yes
01/05/2024,,16,5,Triplex,,,Frederik,No,Yes
01/05/2024,,17,3,Triplex,,,Frederik,No,Yes
01/05/2024,,18,3,Triplex,,,Frederik,No,Yes
01/05/2024,,19,4,Triplex,,,Frederik,No,Yes
01/05/2024,,20,2,Triplex,,,Frederik,No,Yes
02/05/2024,,1,4,Triplex,,,Frederik,Yes,Yes
02/05/2024,,2,4,Triplex,,,Frederik,Yes,Yes
02/05/2024,,3,6,Triplex,,,Frederik,Yes,Yes
02/05/2024,,4,7,Triplex,,,Frederik,Yes,Yes
02/05/2024,,5,5,Triplex,,,Frederik,Yes,Yes
02/05/2024,,6,6,Triplex,,,Frederik,Yes,Yes
02/05/2024,,7,6,Triplex,,,Frederik,Yes,Yes
02/05/2024,,8,4,Triplex,,,Frederik,Yes,Yes
02/05/2024,,9,4,Triplex,,,Frederik,Yes,Yes
02/05/2024,,10,5,Triplex,,,Frederik,Yes,Yes
02/05/2024,,11,5,Triplex,,,Frederik,Yes,Yes
02/05/2024,,12,7,Triplex,,,Frederik,Yes,Yes
02/05/2024,,13,8,Triplex,,,Frederik,Yes,Yes
02/05/2024,,14,7,Triplex,,,Frederik,Yes,Yes
02/05/2024,,15,8,Triplex,,,Frederik,Yes,Yes
02/05/2024,,16,6,Triplex,,,Frederik,Yes,Yes
02/05/2024,,17,6,Triplex,,,Frederik,Yes,Yes
02/05/2024,,18,3,Triplex,,,Frederik,Yes,Yes
02/05/2024,,19,6,Triplex,,,Frederik,Yes,Yes
02/05/2024,,20,2,Triplex,,,Frederik,Yes,Yes
04/05/2024,,1,,Triplex,,,Adam,Yes,Yes
04/05/2024,,2,5,Triplex,,,Adam,Yes,Yes
04/05/2024,,3,5,Triplex,,,Adam,Yes,Yes
04/05/2024,,4,12,Triplex,,,Adam,Yes,Yes
04/05/2024,,5,5,Triplex,,,Adam,Yes,Yes
04/05/2024,,6,8,Triplex,,,Adam,Yes,Yes
04/05/2024,,7,8,Triplex,,,Adam,Yes,Yes
04/05/2024,,8,6,Triplex,,,Adam,Yes,Yes
04/05/2024,,9,6,Triplex,,,Adam,Yes,Yes
04/05/2024,,10,7,Triplex,,,Adam,Yes,Yes
04/05/2024,,11,7,Triplex,,,Adam,Yes,Yes
04/05/2024,,12,9,Triplex,,,Adam,Yes,Yes
04/05/2024,,13,10,Triplex,,,Adam,Yes,Yes
04/05/2024,,14,9,Triplex,,,Adam,Yes,Yes
04/05/2024,,15,9,Triplex,,,Adam,Yes,Yes
04/05/2024,,16,6,Triplex,,,Adam,Yes,Yes
04/05/2024,,17,4,Triplex,,,Adam,Yes,Yes
04/05/2024,,18,5,Triplex,,,Adam,Yes,Yes
04/05/2024,,19,9,Triplex,,,Adam,Yes,Yes
04/05/2024,,20,3,Triplex,,,Adam,Yes,Yes
05/05/2024,,1,,Triplex,,,Jonas,No,No
05/05/2024,,2,3,Triplex,,,Jonas,No,No
05/05/2024,,3,4,Triplex,,,Jonas,No,No
05/05/2024,,4,5,Triplex,,,Jonas,No,No
05/05/2024,,5,2,Triplex,,,Jonas,No,No
05/05/2024,,6,"3,5",Triplex,,,Jonas,No,No
05/05/2024,,7,"3,5",Triplex,,,Jonas,No,No
05/05/2024,,8,"1,5",Triplex,,,Jonas,No,No
05/05/2024,,9,3,Triplex,,,Jonas,No,No
05/05/2024,,10,4,Triplex,,,Jonas,No,No
05/05/2024,,11,3,Triplex,,,Jonas,No,No
05/05/2024,,12,4,Triplex,,,Jonas,No,No
05/05/2024,,13,"4,5",Triplex,,,Jonas,No,No
05/05/2024,,14,5,Triplex,,,Jonas,No,No
05/05/2024,,15,"4,5",Triplex,,,Jonas,No,No
05/05/2024,,16,3,Triplex,,,Jonas,No,No
05/05/2024,,17,3,Triplex,,,Jonas,No,No
05/05/2024,,18,2,Triplex,,,Jonas,No,No
05/05/2024,,19,3,Triplex,,,Jonas,No,No
05/05/2024,,20,"0,25",Triplex,,,Jonas,No,No
06/05/2024,,1,2,Triplex,,,Frederik,No,Yes
06/05/2024,,2,3,Triplex,,,Frederik,No,Yes
06/05/2024,,3,4,Triplex,,,Frederik,No,Yes
06/05/2024,,4,4,Triplex,,,Frederik,No,Yes
06/05/2024,,5,2,Triplex,,,Frederik,No,Yes
06/05/2024,,6,3,Triplex,,,Frederik,No,Yes
06/05/2024,,7,4,Triplex,,,Frederik,No,Yes
06/05/2024,,8,2,Triplex,,,Frederik,No,Yes
06/05/2024,,9,3,Triplex,,,Frederik,No,Yes
06/05/2024,,10,3,Triplex,,,Frederik,No,Yes
06/05/2024,,11,3,Triplex,,,Frederik,No,Yes
06/05/2024,,12,5,Triplex,,,Frederik,No,Yes
06/05/2024,,13,5,Triplex,,,Frederik,No,Yes
06/05/2024,,14,5,Triplex,,,Frederik,No,Yes
06/05/2024,,15,8,Triplex,,,Frederik,No,Yes
06/05/2024,,16,4,Triplex,,,Frederik,No,Yes
06/05/2024,,17,4,Triplex,,,Frederik,No,Yes
06/05/2024,,18,2,Triplex,,,Frederik,No,Yes
06/05/2024,,19,3,Triplex,,,Frederik,No,Yes
06/05/2024,,20,1,Triplex,,,Frederik,No,Yes
09/05/2024,,1,,Triplex,,,Max,Yes,No
09/05/2024,,2,5,Triplex,,,Max,Yes,No
09/05/2024,,3,6,Triplex,,,Max,Yes,No
09/05/2024,,4,8,Triplex,,,Max,Yes,No
09/05/2024,,5,5,Triplex,,,Max,Yes,No
09/05/2024,,6,6,Triplex,,,Max,Yes,No
09/05/2024,,7,7,Triplex,,,Max,Yes,No
09/05/2024,,8,5,Triplex,,,Max,Yes,No
09/05/2024,,9,5,Triplex,,,Max,Yes,No
09/05/2024,,10,8,Triplex,,,Max,Yes,No
09/05/2024,,11,6,Triplex,,,Max,Yes,No
09/05/2024,,12,9,Triplex,,,Max,Yes,No
09/05/2024,,13,7,Triplex,,,Max,Yes,No
09/05/2024,,14,8,Triplex,,,Max,Yes,No
09/05/2024,,15,7,Triplex,,,Max,Yes,No
09/05/2024,,16,7,Triplex,,,Max,Yes,No
09/05/2024,,17,6,Triplex,,,Max,Yes,No
09/05/2024,,18,5,Triplex,,,Max,Yes,No
09/05/2024,,19,8,Triplex,,,Max,Yes,No
09/05/2024,,20,2,Triplex,,,Bast,No,No
10/05/2024,,1,"3,5",Triplex,,,Bast,No,No
10/05/2024,,2,"4,5",Triplex,,,Bast,No,No
10/05/2024,,3,5,Triplex,,,Bast,No,No
10/05/2024,,4,7,Triplex,,,Bast,No,No
10/05/2024,,5,"3,5",Triplex,,,Bast,No,No
10/05/2024,,6,5,Triplex,,,Bast,No,No
10/05/2024,,7,6,Triplex,,,Bast,No,No
10/05/2024,,8,4,Triplex,,,Bast,No,No
10/05/2024,,9,5,Triplex,,,Bast,No,No
10/05/2024,,10,5,Triplex,,,Bast,No,No
10/05/2024,,11,"4,5",Triplex,,,Bast,No,No
10/05/2024,,12,"5,5",Triplex,,,Bast,No,No
10/05/2024,,13,10,Triplex,,,Bast,No,No
10/05/2024,,14,5,Triplex,,,Bast,No,No
10/05/2024,,15,6,Triplex,,,Bast,No,No
10/05/2024,,16,6,Triplex,,,Bast,No,No
10/05/2024,,17,6,Triplex,,,Bast,No,No
10/05/2024,,18,"3,5",Triplex,,,Bast,No,No
10/05/2024,,19,"4,5",Triplex,,,Bast,No,No
10/05/2024,,20,2,Triplex,,,Bast,No,No
11/05/2024,,1,4,Triplex,,,Max,Yes,No
11/05/2024,,2,4,Triplex,,,Max,Yes,No
11/05/2024,,3,5,Triplex,,,Max,Yes,No
11/05/2024,,4,4,Triplex,,,Max,Yes,No
11/05/2024,,5,5,Triplex,,,Max,Yes,No
11/05/2024,,6,5,Triplex,,,Max,Yes,No
11/05/2024,,7,5,Triplex,,,Max,Yes,No
11/05/2024,,8,5,Triplex,,,Max,Yes,No
11/05/2024,,9,4,Triplex,,,Max,Yes,No
11/05/2024,,10,6,Triplex,,,Max,Yes,No
11/05/2024,,11,4,Triplex,,,Max,Yes,No
11/05/2024,,12,7,Triplex,,,Max,Yes,No
11/05/2024,,13,5,Triplex,,,Max,Yes,No
11/05/2024,,14,6,Triplex,,,Max,Yes,No
11/05/2024,,15,6,Triplex,,,Max,Yes,No
11/05/2024,,16,6,Triplex,,,Max,Yes,No
11/05/2024,,17,6,Triplex,,,Max,Yes,No
11/05/2024,,18,4,Triplex,,,Max,Yes,No
11/05/2024,,19,4,Triplex,,,Max,Yes,No
11/05/2024,,20,2,Triplex,,,Max,Yes,No
12/05/2024,,1,"1,5",Triplex,,,Bast,No,No
12/05/2024,,2,3,Triplex,,,Bast,No,No
12/05/2024,,3,3,Triplex,,,Bast,No,No
12/05/2024,,4,9,Triplex,,,Bast,No,No
12/05/2024,,5,7,Triplex,,,Bast,No,No
12/05/2024,,6,5,Triplex,,,Bast,No,No
12/05/2024,,7,5,Triplex,,,Bast,No,No
12/05/2024,,8,"3,5",Triplex,,,Bast,No,No
12/05/2024,,9,"4,5",Triplex,,,Bast,No,No
12/05/2024,,10,4,Triplex,,,Bast,No,No
12/05/2024,,11,7,Triplex,,,Bast,No,No
12/05/2024,,12,"7,5",Triplex,,,Bast,No,No
12/05/2024,,13,"4,5",Triplex,,,Bast,No,No
12/05/2024,,14,"4,5",Triplex,,,Bast,No,No
12/05/2024,,15,"5,5",Triplex,,,Bast,No,No
12/05/2024,,16,"4,5",Triplex,,,Bast,No,No
12/05/2024,,17,4,Triplex,,,Bast,No,No
12/05/2024,,18,2,Triplex,,,Bast,No,No
12/05/2024,,19,3,Triplex,,,Bast,No,No
12/05/2024,,20,"0,5",Triplex,,,Bast,No,No
13/05/2024,,1,4,Triplex,,,Frederik,Yes,No
13/05/2024,,2,5,Triplex,,,Frederik,Yes,No
13/05/2024,,3,5,Triplex,,,Frederik,Yes,No
13/05/2024,,4,7,Triplex,,,Frederik,Yes,No
13/05/2024,,5,4,Triplex,,,Frederik,Yes,No
13/05/2024,,6,5,Triplex,,,Frederik,Yes,No
13/05/2024,,7,6,Triplex,,,Frederik,Yes,No
13/05/2024,,8,5,Triplex,,,Frederik,Yes,No
13/05/2024,,9,5,Triplex,,,Frederik,Yes,No
13/05/2024,,10,6,Triplex,,,Frederik,Yes,No
13/05/2024,,11,7,Triplex,,,Frederik,Yes,No
13/05/2024,,12,7,Triplex,,,Frederik,Yes,No
13/05/2024,,13,6,Triplex,,,Frederik,Yes,No
13/05/2024,,14,6,Triplex,,,Frederik,Yes,No
13/05/2024,,15,5,Triplex,,,Frederik,Yes,No
13/05/2024,,16,5,Triplex,,,Frederik,Yes,No
13/05/2024,,17,5,Triplex,,,Frederik,Yes,No
13/05/2024,,18,5,Triplex,,,Frederik,Yes,No
13/05/2024,,19,5,Triplex,,,Frederik,Yes,No
13/05/2024,,20,1,Triplex,,,Frederik,Yes,No
14/05/2024,R/L,1,7,Triplex,"3,75",,Rasmus,No,No
14/05/2024,R/L,2,5,Triplex,"3,75",,Rasmus,No,No
14/05/2024,R/L,3,6,Triplex,"3,75",,Rasmus,No,No
14/05/2024,R/L,4,10,Triplex,"3,75",,Rasmus,No,No
14/05/2024,R/L,5,5,Triplex,"3,75",,Rasmus,No,No
14/05/2024,R/L,6,6,Triplex,"3,75",,Rasmus,No,No
14/05/2024,R/L,7,8,Triplex,"3,75",,Rasmus,No,No
14/05/2024,R/L,8,6,Triplex,"3,75",,Rasmus,No,No
14/05/2024,R/L,9,6,Triplex,"3,75",,Rasmus,No,No
14/05/2024,R/L,10,7,Triplex,"3,75",,Rasmus,No,No
14/05/2024,R/L,11,7,Triplex,"3,75",,Rasmus,No,No
14/05/2024,R/L,12,7,Triplex,"3,75",,Rasmus,No,No
14/05/2024,R/L,13,7,Triplex,"3,75",,Rasmus,No,No
14/05/2024,R/L,14,7,Triplex,"3,75",,Rasmus,No,No
14/05/2024,R/L,15,7,Triplex,"3,75",,Rasmus,No,No
14/05/2024,R/L,16,7,Triplex,"3,75",,Rasmus,No,No
14/05/2024,R/L,17,6,Triplex,"3,75",,Rasmus,No,No
14/05/2024,R/L,18,4,Triplex,"3,75",,Rasmus,No,No
14/05/2024,R/L,19,7,Triplex,"3,75",,Rasmus,No,No
14/05/2024,R/L,20,1,Triplex,"3,75",,Rasmus,No,No
15/05/2024,L/R,1,3,Triplex,"3,75",,Adrian,No,No
15/05/2024,L/R,2,4,Triplex,"3,75",,Adrian,No,No
15/05/2024,L/R,3,4,Triplex,"3,75",,Adrian,No,No
15/05/2024,L/R,4,7,Triplex,"3,75",,Adrian,No,No
15/05/2024,L/R,5,"2,5",Triplex,"3,75",Tørke,Adrian,No,No
15/05/2024,L/R,6,3,Triplex,"3,75",Tørke,Adrian,No,No
15/05/2024,L/R,7,6,Triplex,"3,75",Tørke,Adrian,No,No
15/05/2024,L/R,8,3,Triplex,"3,75",Tørke,Adrian,No,No
15/05/2024,L/R,9,4,Triplex,"3,75",,Adrian,No,No
15/05/2024,L/R,10,4,Triplex,"3,75",,Adrian,No,No
15/05/2024,L/R,11,4,Triplex,"3,75",,Adrian,No,No
15/05/2024,L/R,12,6,Triplex,"3,75",Tørke,Adrian,No,No
15/05/2024,L/R,13,3,Triplex,"3,75",,Adrian,No,No
15/05/2024,L/R,14,4,Triplex,"3,75",Tørke,Adrian,No,No
15/05/2024,L/R,15,5,Triplex,"3,75",Tørke,Adrian,No,No
15/05/2024,L/R,16,"4,5",Triplex,"3,75",,Adrian,No,No
15/05/2024,L/R,17,"3,5",Triplex,"3,75",Tørke,Adrian,No,No
15/05/2024,L/R,18,2,Triplex,"3,75",,Adrian,No,No
15/05/2024,L/R,19,"4,5",Triplex,"3,75",,Adrian,No,No
15/05/2024,L/R,20,1,Triplex,"3,75",,Adrian,No,No
16/05/2024,STRAIGHT AGAINST,1,"5,5",Triplex,"3,75",,Bast,Yes,No
16/05/2024,STRAIGHT AGAINST,2,"5,5",Triplex,"3,75",,Bast,Yes,No
16/05/2024,STRAIGHT AGAINST,3,5,Triplex,"3,75",,Bast,Yes,No
16/05/2024,STRAIGHT AGAINST,4,10,Triplex,"3,75",,Bast,Yes,No
16/05/2024,STRAIGHT AGAINST,5,"4,5",Triplex,"3,75",,Bast,Yes,No
16/05/2024,STRAIGHT AGAINST,6,6,Triplex,"3,75",,Bast,Yes,No
16/05/2024,STRAIGHT AGAINST,7,9,Triplex,"3,75",,Bast,Yes,No
16/05/2024,STRAIGHT AGAINST,8,5,Triplex,"3,75",,Bast,Yes,No
16/05/2024,STRAIGHT AGAINST,9,6,Triplex,"3,75",,Bast,Yes,No
16/05/2024,STRAIGHT AGAINST,10,8,Triplex,"3,75",,Bast,Yes,No
16/05/2024,STRAIGHT AGAINST,11,"6,5",Triplex,"3,75",,Bast,Yes,No
16/05/2024,STRAIGHT AGAINST,12,7,Triplex,"3,75",,Bast,Yes,No
16/05/2024,STRAIGHT AGAINST,13,"5,5",Triplex,"3,75",,Bast,Yes,No
16/05/2024,STRAIGHT AGAINST,14,7,Triplex,"3,75",,Bast,Yes,No
16/05/2024,STRAIGHT AGAINST,15,"8,5",Triplex,"3,75",,Bast,Yes,No
16/05/2024,STRAIGHT AGAINST,16,"5,5",Triplex,"3,75",,Bast,Yes,No
16/05/2024,STRAIGHT AGAINST,17,"5,5",Triplex,"3,75",,Bast,Yes,No
16/05/2024,STRAIGHT AGAINST,18,"4,5",Triplex,"3,75",,Bast,Yes,No
16/05/2024,STRAIGHT AGAINST,19,"5,5",Triplex,"3,75",,Bast,Yes,No
16/05/2024,STRAIGHT AGAINST,20,"1,5",Triplex,"3,75",,Bast,Yes,No
17/05/2024,R/L,1,3,Triplex,"3,75",,Adrian,No,No
17/05/2024,R/L,2,2,Triplex,"3,75",,Adrian,No,No
17/05/2024,R/L,3,3,Triplex,"3,75",,Adrian,No,No
17/05/2024,R/L,4,8,Triplex,"3,75",,Adrian,No,No
17/05/2024,R/L,5,"2,5",Triplex,"3,75",,Adrian,No,No
17/05/2024,R/L,6,"3,5",Triplex,"3,75",,Adrian,No,No
17/05/2024,R/L,7,5,Triplex,"3,75",,Adrian,No,No
17/05/2024,R/L,8,"2,5",Triplex,"3,75",,Adrian,No,No
17/05/2024,R/L,9,"2,5",Triplex,"3,75",,Adrian,No,No
17/05/2024,R/L,10,"3,5",Triplex,"3,75",,Adrian,No,No
17/05/2024,R/L,11,"3,5",Triplex,"3,75",,Adrian,No,No
17/05/2024,R/L,12,"4,5",Triplex,"3,75",,Adrian,No,No
17/05/2024,R/L,13,3,Triplex,"3,75",,Adrian,No,No
17/05/2024,R/L,14,4,Triplex,"3,75",,Adrian,No,No
17/05/2024,R/L,15,4,Triplex,"3,75",,Adrian,No,No
17/05/2024,R/L,16,"2,5",Triplex,"3,75",,Adrian,No,No
17/05/2024,R/L,17,"2,5",Triplex,"3,75",,Adrian,No,No
17/05/2024,R/L,18,"2,5",Triplex,"3,75",,Adrian,No,No
17/05/2024,R/L,19,3,Triplex,"3,75",,Adrian,No,No
17/05/2024,R/L,20,1,Triplex,"3,75",,Adrian,No,No
18/05/2024,STRAIGHT AGAINST,1,4,Triplex,"3,75",,Rasmus,Yes,No
18/05/2024,STRAIGHT AGAINST,2,4,Triplex,"3,75",,Rasmus,Yes,No
18/05/2024,STRAIGHT AGAINST,3,4,Triplex,"3,75",,Rasmus,Yes,No
18/05/2024,STRAIGHT AGAINST,4,11,Triplex,"3,75",,Rasmus,Yes,No
18/05/2024,STRAIGHT AGAINST,5,3,Triplex,"3,75",,Rasmus,Yes,No
18/05/2024,STRAIGHT AGAINST,6,4,Triplex,"3,75",,Rasmus,Yes,No
18/05/2024,STRAIGHT AGAINST,7,10,Triplex,"3,75",,Rasmus,Yes,No
18/05/2024,STRAIGHT AGAINST,8,4,Triplex,"3,75",,Rasmus,Yes,No
18/05/2024,STRAIGHT AGAINST,9,5,Triplex,"3,75",,Rasmus,Yes,No
18/05/2024,STRAIGHT AGAINST,10,5,Triplex,"3,75",,Rasmus,Yes,No
18/05/2024,STRAIGHT AGAINST,11,6,Triplex,"3,75",,Rasmus,Yes,No
18/05/2024,STRAIGHT AGAINST,12,7,Triplex,"3,75",,Rasmus,Yes,No
18/05/2024,STRAIGHT AGAINST,13,5,Triplex,"3,75",,Rasmus,Yes,No
18/05/2024,STRAIGHT AGAINST,14,7,Triplex,"3,75",,Rasmus,Yes,No
18/05/2024,STRAIGHT AGAINST,15,7,Triplex,"3,75",,Rasmus,Yes,No
18/05/2024,STRAIGHT AGAINST,16,4,Triplex,"3,75",,Rasmus,Yes,No
18/05/2024,STRAIGHT AGAINST,17,5,Triplex,"3,75",,Rasmus,Yes,No
18/05/2024,STRAIGHT AGAINST,18,3,Triplex,"3,75",,Rasmus,Yes,No
18/05/2024,STRAIGHT AGAINST,19,4,Triplex,"3,75",,Rasmus,Yes,No
18/05/2024,STRAIGHT AGAINST,20,1,Triplex,"3,75",,Rasmus,Yes,No
19/05/2024,L/R,1,2,Triplex,"3,75",,Rasmus,No,No
19/05/2024,L/R,2,"2,5",Triplex,"3,75",,Rasmus,No,No
19/05/2024,L/R,3,"3,5",Triplex,"3,75",,Rasmus,No,No
19/05/2024,L/R,4,7,Triplex,"3,75",,Rasmus,No,No
19/05/2024,L/R,5,3,Triplex,"3,75",,Rasmus,No,No
19/05/2024,L/R,6,3,Triplex,"3,75",,Rasmus,No,No
19/05/2024,L/R,7,6,Triplex,"3,75",,Rasmus,No,No
19/05/2024,L/R,8,3,Triplex,"3,75",,Rasmus,No,No
19/05/2024,L/R,9,4,Triplex,"3,75",,Rasmus,No,No
19/05/2024,L/R,10,3,Triplex,"3,75",,Rasmus,No,No
19/05/2024,L/R,11,4,Triplex,"3,75",,Rasmus,No,No
19/05/2024,L/R,12,5,Triplex,"3,75",,Rasmus,No,No
19/05/2024,L/R,13,3,Triplex,"3,75",,Rasmus,No,No
19/05/2024,L/R,14,4,Triplex,"3,75",,Rasmus,No,No
19/05/2024,L/R,15,5,Triplex,"3,75",,Rasmus,No,No
19/05/2024,L/R,16,3,Triplex,"3,75",,Rasmus,No,No
19/05/2024,L/R,17,"3,5",Triplex,"3,75",,Rasmus,No,No
19/05/2024,L/R,18,"3,5",Triplex,"3,75",,Rasmus,No,No
19/05/2024,L/R,19,4,Triplex,"3,75",,Rasmus,No,No
19/05/2024,L/R,20,1,Triplex,"3,75",,Rasmus,No,No
20/05/2024,STRAIGHT,1,"2,5",Triplex,"3,75",,Adrian,Adrian,Adrian
20/05/2024,STRAIGHT,2,"2,5",Triplex,"3,75",,Adrian,Adrian,Adrian
20/05/2024,STRAIGHT,3,"2,5",Triplex,"3,75",,Adrian,Adrian,Adrian
20/05/2024,STRAIGHT,4,5,Triplex,"3,75",,Adrian,Adrian,Adrian
20/05/2024,STRAIGHT,5,"1,5",Triplex,"3,75",,Adrian,Adrian,Adrian
20/05/2024,STRAIGHT,6,"2,5",Triplex,"3,75",,Adrian,Adrian,Adrian
20/05/2024,STRAIGHT,7,"3,5",Triplex,"3,75",,Adrian,Adrian,Adrian
20/05/2024,STRAIGHT,8,2,Triplex,"3,75",,Adrian,Adrian,Adrian
20/05/2024,STRAIGHT,9,3,Triplex,"3,75",,Adrian,Adrian,Adrian
20/05/2024,STRAIGHT,10,"3,5",Triplex,"3,75",,Adrian,Adrian,Adrian
20/05/2024,STRAIGHT,11,3,Triplex,"3,75",,Adrian,Adrian,Adrian
20/05/2024,STRAIGHT,12,4,Triplex,"3,75",,Adrian,Adrian,Adrian
20/05/2024,STRAIGHT,13,"2,5",Triplex,"3,75",,Adrian,Adrian,Adrian
20/05/2024,STRAIGHT,14,4,Triplex,"3,75",,Adrian,Adrian,Adrian
20/05/2024,STRAIGHT,15,4,Triplex,"3,75",,Adrian,Adrian,Adrian
20/05/2024,STRAIGHT,16,3,Triplex,"3,75",,Adrian,Adrian,Adrian
20/05/2024,STRAIGHT,17,3,Triplex,"3,75",,Adrian,Adrian,Adrian
20/05/2024,STRAIGHT,18,2,Triplex,"3,75",,Adrian,Adrian,Adrian
20/05/2024,STRAIGHT,19,"2,5",Triplex,"3,75",,Adrian,Adrian,Adrian
20/05/2024,STRAIGHT,20,1,Triplex,"3,75",,Adrian,Adrian,Adrian
21/05/2024,R/L AGAINST,1,4,Triplex,"3,75",,Adam,Yes,No
21/05/2024,R/L AGAINST,2,4,Triplex,"3,75",,Adam,Yes,No
21/05/2024,R/L AGAINST,3,4,Triplex,"3,75",,Adam,Yes,No
21/05/2024,R/L AGAINST,4,7,Triplex,"3,75",,Adam,Yes,No
21/05/2024,R/L AGAINST,5,4,Triplex,"3,75",,Adam,Yes,No
21/05/2024,R/L AGAINST,6,5,Triplex,"3,75",,Adam,Yes,No
21/05/2024,R/L AGAINST,7,6,Triplex,"3,75",,Adam,Yes,No
21/05/2024,R/L AGAINST,8,5,Triplex,"3,75",,Adam,Yes,No
21/05/2024,R/L AGAINST,9,4,Triplex,"3,75",,Adam,Yes,No
21/05/2024,R/L AGAINST,10,5,Triplex,"3,75",,Adam,Yes,No
21/05/2024,R/L AGAINST,11,5,Triplex,"3,75",,Adam,Yes,No
21/05/2024,R/L AGAINST,12,6,Triplex,"3,75",,Adam,Yes,No
21/05/2024,R/L AGAINST,13,5,Triplex,"3,75",,Adam,Yes,No
21/05/2024,R/L AGAINST,14,5,Triplex,"3,75",,Adam,Yes,No
21/05/2024,R/L AGAINST,15,6,Triplex,"3,75",,Adam,Yes,No
21/05/2024,R/L AGAINST,16,3,Triplex,"3,75",,Adam,Yes,No
21/05/2024,R/L AGAINST,17,4,Triplex,"3,75",,Adam,Yes,No
21/05/2024,R/L AGAINST,18,3,Triplex,"3,75",,Adam,Yes,No
21/05/2024,R/L AGAINST,19,4,Triplex,"3,75",,Adam,Yes,No
21/05/2024,R/L AGAINST,20,3,Triplex,"3,75",,Adam,Yes,No
22/05/2024,L/R,1,2,Triplex,"3,75",,Adrian,No,No
22/05/2024,L/R,2,2,Triplex,"3,75",,Adrian,No,No
22/05/2024,L/R,3,2,Triplex,"3,75",,Adrian,No,No
22/05/2024,L/R,4,"8,5",Triplex,"3,75",,Adrian,No,No
22/05/2024,L/R,5,"1,5",Triplex,"3,75",,Adrian,No,No
22/05/2024,L/R,6,"3,5",Triplex,"3,75",,Adrian,No,No
22/05/2024,L/R,7,6,Triplex,"3,75",,Adrian,No,No
22/05/2024,L/R,8,"1,5",Triplex,"3,75",,Adrian,No,No
22/05/2024,L/R,9,2,Triplex,"3,75",,Adrian,No,No
22/05/2024,L/R,10,4,Triplex,"3,75",,Adrian,No,No
22/05/2024,L/R,11,"2,5",Triplex,"3,75",,Adrian,No,No
22/05/2024,L/R,12,3,Triplex,"3,75",,Adrian,No,No
22/05/2024,L/R,13,2,Triplex,"3,75",,Adrian,No,No
22/05/2024,L/R,14,"3,5",Triplex,"3,75",,Adrian,No,No
22/05/2024,L/R,15,4,Triplex,"3,75",,Adrian,No,No
22/05/2024,L/R,16,"2,5",Triplex,"3,75",,Adrian,No,No
22/05/2024,L/R,17,2,Triplex,"3,75",,Adrian,No,No
22/05/2024,L/R,18,1,Triplex,"3,75",,Adrian,No,No
22/05/2024,L/R,19,"1,5",Triplex,"3,75",,Adrian,No,No
22/05/2024,L/R,20,"0,5",Triplex,"3,75",,Adrian,No,No
23/05/2024,STRAIGHT AGAINST,1,3,Triplex,"3,75",,Adam,No,No
23/05/2024,STRAIGHT AGAINST,2,2,Triplex,"3,75",,Adam,No,No
23/05/2024,STRAIGHT AGAINST,3,2,Triplex,"3,75",,Adam,No,No
23/05/2024,STRAIGHT AGAINST,4,5,Triplex,"3,75",,Adam,No,No
23/05/2024,STRAIGHT AGAINST,5,3,Triplex,"3,75",,Adam,No,No
23/05/2024,STRAIGHT AGAINST,6,3,Triplex,"3,75",,Adam,No,No
23/05/2024,STRAIGHT AGAINST,7,4,Triplex,"3,75",,Adam,No,No
23/05/2024,STRAIGHT AGAINST,8,3,Triplex,"3,75",,Adam,No,No
23/05/2024,STRAIGHT AGAINST,9,3,Triplex,"3,75",,Adam,No,No
23/05/2024,STRAIGHT AGAINST,10,5,Triplex,"3,75",,Adam,No,No
23/05/2024,STRAIGHT AGAINST,11,4,Triplex,"3,75",,Adam,No,No
23/05/2024,STRAIGHT AGAINST,12,3,Triplex,"3,75",,Adam,No,No
23/05/2024,STRAIGHT AGAINST,13,3,Triplex,"3,75",,Adam,No,No
23/05/2024,STRAIGHT AGAINST,14,3,Triplex,"3,75",,Adam,No,No
23/05/2024,STRAIGHT AGAINST,15,4,Triplex,"3,75",,Adam,No,No
23/05/2024,STRAIGHT AGAINST,16,2,Triplex,"3,75",,Adam,No,No
23/05/2024,STRAIGHT AGAINST,17,3,Triplex,"3,75",,Adam,No,No
23/05/2024,STRAIGHT AGAINST,18,3,Triplex,"3,75",,Adam,No,No
23/05/2024,STRAIGHT AGAINST,19,3,Triplex,"3,75",,Adam,No,No
23/05/2024,STRAIGHT AGAINST,20,2,Triplex,"3,75",,Adam,No,No
24/05/2024,R/L WITH,1,4,Triplex,"3,75",,Bast,Yes,No
24/05/2024,R/L WITH,2,"5,5",Triplex,"3,75",,Bast,Yes,No
24/05/2024,R/L WITH,3,4,Triplex,"3,75",,Bast,Yes,No
24/05/2024,R/L WITH,4,11,Triplex,"3,75",,Bast,Yes,No
24/05/2024,R/L WITH,5,4,Triplex,"3,75",,Bast,Yes,No
24/05/2024,R/L WITH,6,4,Triplex,"3,75",,Bast,Yes,No
24/05/2024,R/L WITH,7,"6,5",Triplex,"3,75",,Bast,Yes,No
24/05/2024,R/L WITH,8,4,Triplex,"3,75",,Bast,Yes,No
24/05/2024,R/L WITH,9,5,Triplex,"3,75",,Bast,Yes,No
24/05/2024,R/L WITH,10,"6,5",Triplex,"3,75",,Bast,Yes,No
24/05/2024,R/L WITH,11,6,Triplex,"3,75",,Bast,Yes,No
24/05/2024,R/L WITH,12,6,Triplex,"3,75",,Bast,Yes,No
24/05/2024,R/L WITH,13,"4,5",Triplex,"3,75",,Bast,Yes,No
24/05/2024,R/L WITH,14,5,Triplex,"3,75",,Bast,Yes,No
24/05/2024,R/L WITH,15,7,Triplex,"3,75",,Bast,Yes,No
24/05/2024,R/L WITH,16,"5,5",Triplex,"3,75",,Bast,Yes,No
24/05/2024,R/L WITH,17,6,Triplex,"3,75",,Bast,Yes,No
24/05/2024,R/L WITH,18,3,Triplex,"3,75",,Bast,Yes,No
24/05/2024,R/L WITH,19,3,Triplex,"3,75",,Bast,Yes,No
24/05/2024,R/L WITH,20,0,Triplex,"3,75",,Bast,Yes,No
25/05/2024,L/R WITH,1,8,Triplex,"3,2",,Frederik,Yes,No
25/05/2024,L/R WITH,2,7,Triplex,"3,2",,Frederik,Yes,No
25/05/2024,L/R WITH,3,9,Triplex,"3,2",,Frederik,Yes,No
25/05/2024,L/R WITH,4,14,Triplex,"3,2",,Frederik,Yes,No
25/05/2024,L/R WITH,5,9,Triplex,"3,2",,Frederik,Yes,No
25/05/2024,L/R WITH,6,10,Triplex,"3,2",,Frederik,Yes,No
25/05/2024,L/R WITH,7,9,Triplex,"3,2",,Frederik,Yes,No
25/05/2024,L/R WITH,8,8,Triplex,"3,2",,Frederik,Yes,No
25/05/2024,L/R WITH,9,8,Triplex,"3,2",,Frederik,Yes,No
25/05/2024,L/R WITH,10,10,Triplex,"3,2",,Frederik,Yes,No
25/05/2024,L/R WITH,11,9,Triplex,"3,2",,Frederik,Yes,No
25/05/2024,L/R WITH,12,13,Triplex,"3,2",,Frederik,Yes,No
25/05/2024,L/R WITH,13,8,Triplex,"3,2",,Frederik,Yes,No
25/05/2024,L/R WITH,14,10,Triplex,"3,2",,Frederik,Yes,No
25/05/2024,L/R WITH,15,10,Triplex,"3,2",,Frederik,Yes,No
25/05/2024,L/R WITH,16,10,Triplex,"3,2",,Frederik,Yes,No
25/05/2024,L/R WITH,17,9,Triplex,"3,2",,Frederik,Yes,No
25/05/2024,L/R WITH,18,6,Triplex,"3,2",,Frederik,Yes,No
25/05/2024,L/R WITH,19,7,Triplex,"3,2",,Frederik,Yes,No
25/05/2024,L/R WITH,20,4,Triplex,"3,2",,Frederik,Yes,No
26/05/2024,STRAIGHT,1,6,Triplex,"3,2",,Frederik,No,Yes
26/05/2024,STRAIGHT,2,6,Triplex,"3,2",,Frederik,No,Yes
26/05/2024,STRAIGHT,3,8,Triplex,"3,2",,Frederik,No,Yes
26/05/2024,STRAIGHT,4,10,Triplex,"3,2",,Frederik,No,Yes
26/05/2024,STRAIGHT,5,7,Triplex,"3,2",,Frederik,No,Yes
26/05/2024,STRAIGHT,6,8,Triplex,"3,2",,Frederik,No,Yes
26/05/2024,STRAIGHT,7,9,Triplex,"3,2",,Frederik,No,Yes
26/05/2024,STRAIGHT,8,6,Triplex,"3,2",,Frederik,No,Yes
26/05/2024,STRAIGHT,9,7,Triplex,"3,2",,Frederik,No,Yes
26/05/2024,STRAIGHT,10,8,Triplex,"3,2",,Frederik,No,Yes
26/05/2024,STRAIGHT,11,7,Triplex,"3,2",,Frederik,No,Yes
26/05/2024,STRAIGHT,12,9,Triplex,"3,2",,Frederik,No,Yes
26/05/2024,STRAIGHT,13,7,Triplex,"3,2",,Frederik,No,Yes
26/05/2024,STRAIGHT,14,7,Triplex,"3,2",,Frederik,No,Yes
26/05/2024,STRAIGHT,15,9,Triplex,"3,2",,Frederik,No,Yes
26/05/2024,STRAIGHT,16,7,Triplex,"3,2",,Frederik,No,Yes
26/05/2024,STRAIGHT,17,6,Triplex,"3,2",,Frederik,No,Yes
26/05/2024,STRAIGHT,18,4,Triplex,"3,2",,Frederik,No,Yes
26/05/2024,STRAIGHT,19,7,Triplex,"3,2",,Frederik,No,Yes
26/05/2024,STRAIGHT,20,3,Triplex,"3,2",,Frederik,No,Yes
27/05/2024,R/L WITH,1,,Singleklipper 1,"3,2",Airation - Ninjatines,Adrian,,
27/05/2024,R/L WITH,2,,Singleklipper 1,"3,2",Airation - Ninjatines,Bast,,
27/05/2024,R/L WITH,3,,Singleklipper 1,"3,2",Airation - Ninjatines,Adrian,,
27/05/2024,R/L WITH,4,,Singleklipper 1,"3,2",Airation - Ninjatines,Bast,,
27/05/2024,R/L WITH,5,,Singleklipper 1,"3,2",Airation - Ninjatines,Adrian,,
27/05/2024,R/L WITH,6,,Singleklipper 1,"3,2",Airation - Ninjatines,Bast,,
27/05/2024,R/L WITH,7,,Singleklipper 1,"3,2",Airation - Ninjatines,Adrian,,
27/05/2024,R/L WITH,8,,Singleklipper 1,"3,2",Airation - Ninjatines,Bast,,
27/05/2024,R/L WITH,9,,Singleklipper 1,"3,2",Airation - Ninjatines,Adrian,,
27/05/2024,R/L,10,6,Triplex,"3,2",,Adam,No,No
27/05/2024,R/L,11,6,Triplex,"3,2",,Adam,No,No
27/05/2024,R/L,12,5,Triplex,"3,2",,Adam,No,No
27/05/2024,R/L,13,6,Triplex,"3,2",,Adam,No,No
27/05/2024,R/L,14,6,Triplex,"3,2",,Adam,No,No
27/05/2024,R/L,15,8,Triplex,"3,2",,Adam,No,No
27/05/2024,R/L,16,6,Triplex,"3,2",,Adam,No,No
27/05/2024,R/L,17,6,Triplex,"3,2",,Adam,No,No
27/05/2024,R/L,18,4,Triplex,"3,2",,Adam,No,No
27/05/2024,R/L,19,5,Triplex,"3,2",,Adam,No,No
27/05/2024,R/L,20,3,Triplex,"3,2",,Adam,No,No
28/05/2024,L/R,1,3,Triplex,"3,2",Post airation,Rasmus,No,No
28/05/2024,L/R,2,5,Triplex,"3,2",Post airation,Rasmus,No,No
28/05/2024,L/R,3,4,Triplex,"3,2",Post airation,Rasmus,No,No
28/05/2024,L/R,4,4,Triplex,"3,2",Post airation,Rasmus,No,No
28/05/2024,L/R,5,5,Triplex,"3,2",Post airation,Rasmus,No,No
28/05/2024,L/R,6,7,Triplex,"3,2",Post airation,Rasmus,No,No
28/05/2024,L/R,7,8,Triplex,"3,2",Post airation,Rasmus,No,No
28/05/2024,L/R,8,5,Triplex,"3,2",Post airation,Rasmus,No,No
28/05/2024,L/R,9,4,Triplex,"3,2",Post airation,Rasmus,No,No
28/05/2024,L/R,10,,Singleklipper 1,"3,2",Airation - Ninjatines,Adrian,No,No
28/05/2024,L/R,11,,Singleklipper 1,"3,2",Airation - Ninjatines,Bast,No,No
28/05/2024,L/R,12,,Singleklipper 2,"3,2",Airation - Ninjatines,Adrian,No,No
28/05/2024,L/R,13,,Singleklipper 1,"3,2",Airation - Ninjatines,Bast,No,No
28/05/2024,L/R,14,,Singleklipper 1,"3,2",Airation - Ninjatines,Adrian,No,No
28/05/2024,L/R,15,,Singleklipper 1,"3,2",Airation - Ninjatines,Bast,No,No
28/05/2024,L/R,16,,Singleklipper 2,"3,2",Airation - Ninjatines,Adrian,No,No
28/05/2024,L/R,17,,Singleklipper 1,"3,2",Airation - Ninjatines,Bast,No,No
28/05/2024,L/R,18,,Singleklipper 1,"3,2",Airation - Ninjatines,Adrian,No,No
28/05/2024,L/R,19,"5,5",Triplex,"3,2",,Adrian,No,No
28/05/2024,L/R,20,"0,5",Triplex,"3,2",,Adrian,No,No
29/05/2024,STRAIGHT,1,"3,5",Triplex,"3,2",,Adrian,No,No
29/05/2024,STRAIGHT,2,4,Triplex,"3,2",,Adrian,No,No
29/05/2024,STRAIGHT,3,5,Triplex,"3,2",,Adrian,No,No
29/05/2024,STRAIGHT,4,4,Triplex,"3,2",,Adrian,No,No
29/05/2024,STRAIGHT,5,"3,5",Triplex,"3,2",,Adrian,No,No
29/05/2024,STRAIGHT,6,"5,5",Triplex,"3,2",,Adrian,No,No
29/05/2024,STRAIGHT,7,"6,5",Triplex,"3,2",,Adrian,No,No
29/05/2024,STRAIGHT,8,4,Triplex,"3,2",,Adrian,No,No
29/05/2024,STRAIGHT,9,6,Triplex,"3,2",,Adrian,No,No
29/05/2024,STRAIGHT,10,7,Triplex,"3,2",,Adrian,No,No
29/05/2024,STRAIGHT,11,7,Triplex,"3,2",,Adrian,No,No
29/05/2024,STRAIGHT,12,11,Triplex,"3,2",,Adrian,No,No
29/05/2024,STRAIGHT,13,9,Triplex,"3,2",,Adrian,No,No
29/05/2024,STRAIGHT,14,"7,5",Triplex,"3,2",,Adrian,No,No
29/05/2024,STRAIGHT,15,11,Triplex,"3,2",,Adrian,No,No
29/05/2024,STRAIGHT,16,12,Triplex,"3,2",,Adrian,No,No
29/05/2024,STRAIGHT,17,"15,5",Triplex,"3,2",,Adrian,No,No
29/05/2024,STRAIGHT,18,4,Triplex,"3,2",,Adrian,No,No
29/05/2024,STRAIGHT,19,,Triplex,"3,2",,Adrian,No,No
29/05/2024,STRAIGHT,20,"1,5",Triplex,"3,2",,Adrian,No,No
31/05/2024,R/L,1,,Triplex,"3,2",Post topdress,Bast,Yes,No
31/05/2024,R/L,2,,Triplex,"3,2",Post topdress,Bast,Yes,No
31/05/2024,R/L,3,,Triplex,"3,2",Post topdress,Bast,Yes,No
31/05/2024,R/L,4,28,Triplex,"3,2",Post topdress,Rasmus,Yes,No
31/05/2024,R/L,5,,Triplex,"3,2",Post topdress,Bast,Yes,No
31/05/2024,R/L,6,,Triplex,"3,2",Post topdress,Bast,Yes,No
31/05/2024,R/L,7,,Triplex,"3,2",Post topdress,Bast,Yes,No
31/05/2024,R/L,8,,Triplex,"3,2",Post topdress,Bast,Yes,No
31/05/2024,R/L,9,,Triplex,"3,2",Post topdress,Bast,Yes,No
31/05/2024,R/L,10,,Triplex,"3,2",Post topdress,Bast,Yes,No
31/05/2024,R/L,11,16,Triplex,"3,2",Post topdress,Rasmus,Yes,No
31/05/2024,R/L,12,18,Triplex,"3,2",Post topdress,Rasmus,Yes,No
31/05/2024,R/L,13,14,Triplex,"3,2",Post topdress,Rasmus,Yes,No
31/05/2024,R/L,14,18,Triplex,"3,2",Post topdress,Rasmus,Yes,No
31/05/2024,R/L,15,14,Triplex,"3,2",Post topdress,Rasmus,Yes,No
31/05/2024,R/L,16,14,Triplex,"3,2",Post topdress,Rasmus,Yes,No
31/05/2024,R/L,17,12,Triplex,"3,2",Post topdress,Rasmus,Yes,No
31/05/2024,R/L,18,,Triplex,"3,2",Post topdress,Bast,Yes,No
31/05/2024,R/L,19,,Triplex,"3,2",Post topdress,Bast,Yes,No
31/05/2024,R/L,20,,Triplex,"3,2",Post topdress,Bast,Yes,No
,,1,,,,,,,
,,2,,,,,,,
,,3,,,,,,,
,,4,,,,,,,
,,5,,,,,,,
,,6,,,,,,,
,,7,,,,,,,
,,8,,,,,,,
,,9,,,,,,,
,,10,,,,,,,
,,11,,,,,,,
,,12,,,,,,,
,,13,,,,,,,
,,14,,,,,,,
,,15,,,,,,,
,,16,,,,,,,
,,17,,,,,,,
,,18,,,,,,,
,,19,,,,,,,
,,20,,,,,,,
,,1,,,,,,,
,,2,,,,,,,
,,3,,,,,,,
,,4,,,,,,,
,,5,,,,,,,
,,6,,,,,,,
,,7,,,,,,,
,,8,,,,,,,
,,9,,,,,,,
,,10,,,,,,,
,,11,,,,,,,
,,12,,,,,,,
,,13,,,,,,,
,,14,,,,,,,
,,15,,,,,,,
,,16,,,,,,,
,,17,,,,,,,
,,18,,,,,,,
,,19,,,,,,,
,,20,,,,,,,
,,1,,,,,,,
,,2,,,,,,,
,,3,,,,,,,
,,4,,,,,,,
,,5,,,,,,,
,,6,,,,,,,
,,7,,,,,,,
,,8,,,,,,,
,,9,,,,,,,
,,10,,,,,,,
,,11,,,,,,,
,,12,,,,,,,
,,13,,,,,,,
,,14,,,,,,,
,,15,,,,,,,
,,16,,,,,,,
,,17,,,,,,,
,,18,,,,,,,
,,19,,,,,,,
,,20,,,,,,,
,,1,,,,,,,
,,2,,,,,,,
,,3,,,,,,,
,,4,,,,,,,
,,5,,,,,,,
,,6,,,,,,,
,,7,,,,,,,
,,8,,,,,,,
,,9,,,,,,,
,,10,,,,,,,
,,11,,,,,,,
,,12,,,,,,,
,,13,,,,,,,
,,14,,,,,,,
,,15,,,,,,,
,,16,,,,,,,
,,17,,,,,,,
,,18,,,,,,,
,,19,,,,,,,
,,20,,,,,,,
,,1,,,,,,,
,,2,,,,,,,
,,3,,,,,,,
,,4,,,,,,,
,,5,,,,,,,
,,6,,,,,,,
,,7,,,,,,,
,,8,,,,,,,
,,9,,,,,,,
,,10,,,,,,,
,,11,,,,,,,
,,12,,,,,,,
,,13,,,,,,,
,,14,,,,,,,
,,15,,,,,,,
,,16,,,,,,,
,,17,,,,,,,
,,18,,,,,,,
,,19,,,,,,,
,,20,,,,,,,
,,1,,,,,,,
,,2,,,,,,,
,,3,,,,,,,
,,4,,,,,,,
,,5,,,,,,,
,,6,,,,,,,
,,7,,,,,,,
,,8,,,,,,,
,,9,,,,,,,
,,10,,,,,,,
,,11,,,,,,,
,,12,,,,,,,
,,13,,,,,,,
,,14,,,,,,,
,,15,,,,,,,
,,16,,,,,,,
,,17,,,,,,,
,,18,,,,,,,
,,19,,,,,,,
,,20,,,,,,,
,,1,,,,,,,
,,2,,,,,,,
,,3,,,,,,,
,,4,,,,,,,
,,5,,,,,,,
,,6,,,,,,,
,,7,,,,,,,
,,8,,,,,,,
,,9,,,,,,,
,,10,,,,,,,
,,11,,,,,,,
,,12,,,,,,,
,,13,,,,,,,
,,14,,,,,,,
,,15,,,,,,,
,,16,,,,,,,
,,17,,,,,,,
,,18,,,,,,,
,,19,,,,,,,
,,20,,,,,,,
,,1,,,,,,,
,,2,,,,,,,
,,3,,,,,,,
,,4,,,,,,,
,,5,,,,,,,
,,6,,,,,,,
,,7,,,,,,,
,,8,,,,,,,
,,9,,,,,,,
,,10,,,,,,,
,,11,,,,,,,
,,12,,,,,,,
,,13,,,,,,,
,,14,,,,,,,
,,15,,,,,,,
,,16,,,,,,,
,,17,,,,,,,
,,18,,,,,,,
,,19,,,,,,,
,,20,,,,,,,
,,1,,,,,,,
,,2,,,,,,,
,,3,,,,,,,
,,4,,,,,,,
,,5,,,,,,,
,,6,,,,,,,
,,7,,,,,,,
,,8,,,,,,,
,,9,,,,,,,
,,10,,,,,,,
,,11,,,,,,,
,,12,,,,,,,
,,13,,,,,,,
,,14,,,,,,,
,,15,,,,,,,
,,16,,,,,,,
,,17,,,,,,,
,,18,,,,,,,
,,19,,,,,,,
,,20,,,,,,,
,,1,,,,,,,
,,2,,,,,,,
,,3,,,,,,,
,,4,,,,,,,
,,5,,,,,,,
,,6,,,,,,,
,,7,,,,,,,
,,8,,,,,,,
,,9,,,,,,,
,,10,,,,,,,
,,11,,,,,,,
,,12,,,,,,,
,,13,,,,,,,
,,14,,,,,,,
,,15,,,,,,,
,,16,,,,,,,
,,17,,,,,,,
,,18,,,,,,,
,,19,,,,,,,
,,20,,,,,,,
,,1,,,,,,,
,,2,,,,,,,
,,3,,,,,,,
,,4,,,,,,,
,,5,,,,,,,
,,6,,,,,,,
,,7,,,,,,,
,,8,,,,,,,
,,9,,,,,,,
,,10,,,,,,,
,,11,,,,,,,
,,12,,,,,,,
,,13,,,,,,,
,,14,,,,,,,
,,15,,,,,,,
,,16,,,,,,,
,,17,,,,,,,
,,18,,,,,,,
,,19,,,,,,,
,,20,,,,,,,
,,1,,,,,,,
,,2,,,,,,,
,,3,,,,,,,
,,4,,,,,,,
,,5,,,,,,,
,,6,,,,,,,
,,7,,,,,,,
,,8,,,,,,,
,,9,,,,,,,
,,10,,,,,,,
,,11,,,,,,,
,,12,,,,,,,
,,13,,,,,,,
,,14,,,,,,,
,,15,,,,,,,
,,16,,,,,,,
,,17,,,,,,,
,,18,,,,,,,
,,19,,,,,,,
,,20,,,,,,,
,,1,,,,,,,
,,2,,,,,,,
,,3,,,,,,,
,,4,,,,,,,
,,5,,,,,,,
,,6,,,,,,,
,,7,,,,,,,
,,8,,,,,,,
,,9,,,,,,,
,,10,,,,,,,
,,11,,,,,,,
,,12,,,,,,,
,,13,,,,,,,
,,14,,,,,,,
,,15,,,,,,,
,,16,,,,,,,
,,17,,,,,,,
,,18,,,,,,,
,,19,,,,,,,
,,20,,,,,,,
,,1,,,,,,,
,,2,,,,,,,
,,3,,,,,,,
,,4,,,,,,,
,,5,,,,,,,
,,6,,,,,,,
,,7,,,,,,,
,,8,,,,,,,
,,9,,,,,,,
,,10,,,,,,,
,,11,,,,,,,
,,12,,,,,,,
,,13,,,,,,,
,,14,,,,,,,
,,15,,,,,,,
,,16,,,,,,,
,,17,,,,,,,
,,18,,,,,,,
,,19,,,,,,,
,,20,,,,,,,
,,1,,,,,,,
,,2,,,,,,,
,,3,,,,,,,
,,4,,,,,,,
,,5,,,,,,,
,,6,,,,,,,
,,7,,,,,,,
,,8,,,,,,,
,,9,,,,,,,
,,10,,,,,,,
,,11,,,,,,,
,,12,,,,,,,
,,13,,,,,,,
,,14,,,,,,,
,,15,,,,,,,
,,16,,,,,,,
,,17,,,,,,,
,,18,,,,,,,
,,19,,,,,,,
,,20,,,,,,,
,,1,,,,,,,
,,2,,,,,,,
,,3,,,,,,,
,,4,,,,,,,
,,5,,,,,,,
,,6,,,,,,,
,,7,,,,,,,
,,8,,,,,,,
,,9,,,,,,,
,,10,,,,,,,
,,11,,,,,,,
,,12,,,,,,,
,,13,,,,,,,
,,14,,,,,,,
,,15,,,,,,,
,,16,,,,,,,
,,17,,,,,,,
,,18,,,,,,,
,,19,,,,,,,
,,20,,,,,,,
,,1,,,,,,,
,,2,,,,,,,
,,3,,,,,,,
,,4,,,,,,,
,,5,,,,,,,
,,6,,,,,,,
,,7,,,,,,,
,,8,,,,,,,
,,9,,,,,,,
,,10,,,,,,,
,,11,,,,,,,
,,12,,,,,,,
,,13,,,,,,,
,,14,,,,,,,
,,15,,,,,,,
,,16,,,,,,,
,,17,,,,,,,
,,18,,,,,,,
,,19,,,,,,,
,,20,,,,,,,
,,1,,,,,,,
,,2,,,,,,,
,,3,,,,,,,
,,4,,,,,,,
,,5,,,,,,,
,,6,,,,,,,
,,7,,,,,,,
,,8,,,,,,,
,,9,,,,,,,
,,10,,,,,,,
,,11,,,,,,,
,,12,,,,,,,
,,13,,,,,,,
,,14,,,,,,,
,,15,,,,,,,
,,16,,,,,,,
,,17,,,,,,,
,,18,,,,,,,
,,19,,,,,,,
,,20,,,,,,,
,,1,,,,,,,
,,2,,,,,,,
,,3,,,,,,,
,,4,,,,,,,
,,5,,,,,,,
,,6,,,,,,,
,,7,,,,,,,
,,8,,,,,,,
,,9,,,,,,,
,,10,,,,,,,
,,11,,,,,,,
,,12,,,,,,,
,,13,,,,,,,
,,14,,,,,,,
,,15,,,,,,,
,,16,,,,,,,
,,17,,,,,,,
,,18,,,,,,,
,,19,,,,,,,
,,20,,,,,,,
,,1,,,,,,,
,,2,,,,,,,
,,3,,,,,,,
,,4,,,,,,,
,,5,,,,,,,
,,6,,,,,,,
,,7,,,,,,,
,,8,,,,,,,
,,9,,,,,,,
,,10,,,,,,,
,,11,,,,,,,
,,12,,,,,,,
,,13,,,,,,,
,,14,,,,,,,
,,15,,,,,,,
,,16,,,,,,,
,,17,,,,,,,
,,18,,,,,,,
,,19,,,,,,,
,,20,,,,,,,
,,1,,,,,,,
,,2,,,,,,,
,,3,,,,,,,
,,4,,,,,,,
,,5,,,,,,,
,,6,,,,,,,
,,7,,,,,,,
,,8,,,,,,,
,,9,,,,,,,
,,10,,,,,,,
,,11,,,,,,,
,,12,,,,,,,
,,13,,,,,,,
,,14,,,,,,,
,,15,,,,,,,
,,16,,,,,,,
,,17,,,,,,,
,,18,,,,,,,
,,19,,,,,,,
,,20,,,,,,,
,,1,,,,,,,
,,2,,,,,,,
,,3,,,,,,,
,,4,,,,,,,
,,5,,,,,,,
,,6,,,,,,,
,,7,,,,,,,
,,8,,,,,,,
,,9,,,,,,,
,,10,,,,,,,
,,11,,,,,,,
,,12,,,,,,,
,,13,,,,,,,
,,14,,,,,,,
,,15,,,,,,,
,,16,,,,,,,
,,17,,,,,,,
,,18,,,,,,,
,,19,,,,,,,
,,20,,,,,,,
,,1,,,,,,,
,,2,,,,,,,
,,3,,,,,,,
,,4,,,,,,,
,,5,,,,,,,
,,6,,,,,,,
,,7,,,,,,,
,,8,,,,,,,
,,9,,,,,,,
,,10,,,,,,,
,,11,,,,,,,
,,12,,,,,,,
,,13,,,,,,,
,,14,,,,,,,
,,15,,,,,,,
,,16,,,,,,,
,,17,,,,,,,
,,18,,,,,,,
,,19,,,,,,,
,,20,,,,,,,
,,1,,,,,,,
,,2,,,,,,,
,,3,,,,,,,
,,4,,,,,,,
,,5,,,,,,,
,,6,,,,,,,
,,7,,,,,,,
,,8,,,,,,,
,,9,,,,,,,
,,10,,,,,,,
,,11,,,,,,,
,,12,,,,,,,
,,13,,,,,,,
,,14,,,,,,,
,,15,,,,,,,
,,16,,,,,,,
,,17,,,,,,,
,,18,,,,,,,
,,19,,,,,,,
,,20,,,,,,,